-- MySQL dump 10.13  Distrib 5.7.24, for Win64 (x86_64)
--
-- Host: localhost    Database: symfony
-- ------------------------------------------------------
-- Server version	5.7.24

/*!40101 SET @OLD_CHARACTER_SET_CLIENT=@@CHARACTER_SET_CLIENT */;
/*!40101 SET @OLD_CHARACTER_SET_RESULTS=@@CHARACTER_SET_RESULTS */;
/*!40101 SET @OLD_COLLATION_CONNECTION=@@COLLATION_CONNECTION */;
/*!40101 SET NAMES utf8 */;
/*!40103 SET @OLD_TIME_ZONE=@@TIME_ZONE */;
/*!40103 SET TIME_ZONE='+00:00' */;
/*!40014 SET @OLD_UNIQUE_CHECKS=@@UNIQUE_CHECKS, UNIQUE_CHECKS=0 */;
/*!40014 SET @OLD_FOREIGN_KEY_CHECKS=@@FOREIGN_KEY_CHECKS, FOREIGN_KEY_CHECKS=0 */;
/*!40101 SET @OLD_SQL_MODE=@@SQL_MODE, SQL_MODE='NO_AUTO_VALUE_ON_ZERO' */;
/*!40111 SET @OLD_SQL_NOTES=@@SQL_NOTES, SQL_NOTES=0 */;

--
-- Current Database: `symfony`
--

CREATE DATABASE /*!32312 IF NOT EXISTS*/ `symfony` /*!40100 DEFAULT CHARACTER SET latin1 */;

USE `symfony`;

--
-- Table structure for table `autor`
--

DROP TABLE IF EXISTS `autor`;
/*!40101 SET @saved_cs_client     = @@character_set_client */;
/*!40101 SET character_set_client = utf8 */;
CREATE TABLE `autor` (
  `id` varchar(255) COLLATE utf8_unicode_ci NOT NULL,
  `nombre` varchar(255) COLLATE utf8_unicode_ci NOT NULL,
  `apellidos` varchar(255) COLLATE utf8_unicode_ci NOT NULL,
  `fecha_nacimiento` date NOT NULL,
  `rating` int(11) NOT NULL,
  PRIMARY KEY (`id`)
) ENGINE=InnoDB DEFAULT CHARSET=utf8 COLLATE=utf8_unicode_ci;
/*!40101 SET character_set_client = @saved_cs_client */;

--
-- Dumping data for table `autor`
--

LOCK TABLES `autor` WRITE;
/*!40000 ALTER TABLE `autor` DISABLE KEYS */;
INSERT INTO `autor` VALUES ('AR02YGA1187B9B8AC4','Bersuit','Vergarabat','2002-04-21',43),('AR035N21187FB3938E','BT',' ','1995-02-08',51),('AR03BDP1187FB5B324','Britney','Spears','2003-11-03',63),('AR05VW21187FB407B4','Fudge','Tunnel','2013-07-30',35),('AR0693R1187FB59D32','Dusminguet',' ','1989-03-28',37),('AR06EB01187FB40150','NOFX',' ','1979-06-21',55),('AR0B1CH1187FB3A824','Charlie','Rich','1982-11-13',44),('AR0BV7E1187FB386C1','Lee','Ritenour / Jeff Mironov','1999-03-05',14),('AR0CANF1187B9AF35F','Dilated','Peoples','1992-07-27',45),('AR0CDSK1187FB52ED6','Asleep','At The Wheel','1974-05-20',46),('AR0I2BV1187FB3D89F','Enslavement','Of Beauty','2009-03-29',35),('AR0IAWL1187B9A96D0','Danilo','Perez','2000-08-29',32),('AR0IVSA1187FB4F069','Helmet',' ','2015-04-13',49),('AR0LVFQ1187B9A84E0','Jason','Miles','1982-10-22',37),('AR0N0DX1187FB41327','The','Master Musicians of Jajouka featuring Bachir Attar','1987-04-04',44),('AR0S7TA1187FB4D024','Christina','Aguilera','1982-09-19',73),('AR0WCZW1187B99F592','Tommy','Torres','1972-01-04',41),('AR0WV4Y1187B99B806','Rhian','Benson','1987-09-21',38),('AR0WXWU1187B9AB33F','The','Red Telephone','2016-08-16',18),('AR0X3JJ1187FB3A9A7','Hank','Locklin','1991-07-21',37),('AR0XSOO1187B9B9E88','Buzzcocks',' ','1992-03-15',52),('AR10USD1187B99F3F1','Silverstein',' ','2016-02-26',60),('AR11NP91187B9901B4','The','Roches','2005-11-07',37),('AR12F2S1187FB56EEF','Aerosmith',' ','1992-11-16',61),('AR189B91187B9B8D9C','Cerati-Melero',' ','1985-03-01',42),('AR190KO1187B9905EC','Sick','Puppies','2004-05-12',67),('AR199MY1187B9B731E','Madilu','System','2004-05-07',29),('AR19GQN1187FB3ACF5','The','Bucketheads','1991-09-15',34),('AR19SOA1187B98F6E6','Bob','Neuwirth','1987-10-21',30),('AR1BA6K1187B9A5656','Helen','O\'Connell','2015-09-12',30),('AR1DR0E1187FB48F61','Kathy','Mattea','1986-05-26',42),('AR1GNFR1187B9AD1FD','The','Exies','2000-05-07',45),('AR1GYND1187B9A9CD3','Diesel','Boy','1975-03-09',37),('AR1JGQT1187FB56878','Jo-El','Sonnier','2003-11-15',32),('AR1NT3H1187B99F67B','Skrape',' ','1985-04-12',36),('AR1OBRC1187FB59AD4','Behemoth',' ','1976-07-26',55),('AR1PCLK1187FB5BBFF','Angelo','Badalamenti','1996-05-03',39),('AR1QXAQ1187FB47FAC','Sticky','Fingaz','1995-06-10',40),('AR1RHCO1187B9AF0BF','Vince','Guaraldi / Bola Sete','1990-09-26',41),('AR1SQSG1187B9AC782','Kent',' ','2013-03-17',48),('AR1VWD91187FB4CE99','The','Animals_ Sonny Boy Williamson','2014-11-24',48),('AR1Y2PT1187FB5B9CE','John','Wesley','1996-07-01',45),('AR1Y37Q1187B9B66D2','Suicide',' ','2004-01-23',39),('AR1ZKBE1187FB53629','Kraftwerk',' ','2017-11-17',52),('AR1ZYLH1187B98C159','Naughty','By Nature;Naughty By Nature featuring Zhane','1972-04-23',45),('AR202MX1187B9B0383','Tanto','Metro & Devonte','1992-10-03',33),('AR20CFC1187B98A25D','Ray','Charles','2006-04-20',67),('AR21YNH1187FB49649','Ms.','Dynamite','1979-05-01',38),('AR223M11187B9ADDD6','Marty','Robbins','1994-08-06',47),('AR22KLC1187B98E812','Kaija','Koo','2010-09-25',37),('AR23SSG1187FB3AC75','Rainie','Yang','1974-04-26',37),('AR261YW1187FB374B3','Warrant',' ','1996-05-01',48),('AR26XQ61187FB36CF3','Geggy','Tah','1993-11-27',33),('AR2CM6U1187B999EB7','Basic','Channel','2018-02-25',36),('AR2J2WF1187FB46271','Francis','Dunnery','2006-02-26',38),('AR2P71H1187B9B8C00','Kool','Savas','2000-07-27',44),('AR2S4CA1187B99632E','FFH',' ','1998-09-12',46),('AR2XI6G1187B9AE7DA','Fat','Joe','1973-03-09',57),('AR31G891187FB3892D','Laid','Back','2004-12-22',42),('AR3752L1187FB4B67E','The','Real Kids','1996-01-07',34),('AR3793X1187FB50CB3','Chris','Rea','1997-10-16',50),('AR37ILI1187B98E27B','Shriekback',' ','2001-05-07',37),('AR3KXHI1187FB3A8BF','Dora','The Explorer','1971-12-10',41),('AR3P1NA1187FB44B9E','Ben','Watt feat. Estelle','1994-09-29',38),('AR3PN3R1187FB4CEBD','Horace','Andy','2008-04-10',37),('AR3Q48J1187FB55278','The','Rapture','1998-12-04',51),('AR3SEQM1187B98E9E8','Kix',' ','1992-08-07',42),('AR3THYK1187B999F1F','JoAPSo','Gilberto','1973-09-20',47),('AR46CAD1187FB4D84B','Bad','Religion','2005-11-20',61),('AR47JEX1187B995D81','SUE','THOMPSON','2009-01-29',30),('AR4CH531187FB4EA21','Abysmal','Dawn','1997-08-18',40),('AR4EQ231187B99368F','The','Fray','1983-09-12',66),('AR4EVIX1187B993DE9','Alceu','ValenASSa','1993-12-02',36),('AR4FGSF1187FB528BE','Mat','Kearney','2016-07-29',54),('AR4JY8V1187B98A62F','Ann','Hampton Callaway','2003-12-20',37),('AR4K59J1187FB3759B','Soular',' ','1972-11-08',27),('AR4M1KM1187B9AC7E2','Phil','Spector','1989-01-01',38),('AR4PCIG1187B98D07D','Ellen','McIlwaine','1987-11-22',32),('AR4R1FL1187FB55C3B','Death','From Above 1979','1981-03-25',46),('AR4TLW81187B99683D','Martin','Sexton','1999-08-04',44),('AR558FS1187FB45658','40','Grit','1971-05-02',33),('AR567PN1187FB4B4F2','Moss',' ','1971-06-16',38),('AR56P361187B9AC4DB','Gary','Moore','1990-04-30',46),('AR58SJE1187B9A8E4C','J.','B. Lenoir','1972-01-21',35),('AR5BX3Y1187FB39E93','Slightly','Stoopid','1986-08-07',48),('AR5GMAV1187FB3A8F5','Chris','Clark','1990-04-08',39),('AR5J8XN1187B9B712E','Extreme',' ','1993-04-02',49),('AR5KOSW1187FB35FF4','Elena',' ','1992-05-28',37),('AR5LZJD1187FB4C5E5','Britt','Nicole','1978-03-29',54),('AR5T4YC1187FB5915E','Darwin\'s','Waiting Room','1997-06-07',33),('AR5U94U1187FB5CDCF','John','Hammond','1970-11-09',45),('AR5WPYF1187B9B40DA','VHS','Or Beta','1976-11-01',42),('AR5ZJLK1187B9B3A8E','John','D. Loudermilk','2001-01-24',28),('AR62SOJ1187FB47BB5','Chase','& Status','1970-11-04',39),('AR633SY1187B9AC3B9','Weezer',' ','1998-04-24',77),('AR6892W1187B9AC71B','Placebo',' ','1973-10-25',58),('AR695PK1187B996E35','Jeremy','Spencer','2015-08-27',20),('AR6AGJV1187FB504BA','Kitaro',' ','1999-03-13',45),('AR6C6VO1187FB4E267','Tora','Tora','2012-12-23',36),('AR6C8EJ1187FB3F473','Nelson','Ned','1979-07-22',32),('AR6CLFP1187B9ACB94','Daniel','Johnston','2012-05-29',47),('AR6F6I21187FB5A3AA','Aesop','Rock','2011-01-28',47),('AR6G4V01187B9AD086','Queens','Of The Stone Age','2007-07-26',55),('AR6G6G01187B9B1637','Unearth',' ','2005-11-11',48),('AR6GJDZ1187B991E46','KALIMBA',' ','1989-12-09',43),('AR6IJ6U1187B99FC7C','Alberto','Cortez','1990-02-24',32),('AR6J3X81187FB59A7B','Matisyahu',' ','1976-09-17',63),('AR6PJ8R1187FB5AD70','Shakira','Featuring Wyclef Jean','2010-03-27',68),('AR6W5MS1187FB3BF47','Little','Feat','1981-02-22',47),('AR6XPWV1187B9ADAEB','Foo','Fighters','2006-03-03',55),('AR72Q9R1187B98A664','Hatiras','& Slarta John','1980-11-03',38),('AR7BMMV1187FB5B2D7','Robben','Ford','1982-03-13',38),('AR7CCS31187B98C531','Tom','Barabas','2001-05-07',39),('AR7LN7G1187FB395BB','Les','Bantous De La Capitale','1996-03-21',27),('AR7OCK81187B98D1F1','Debbie','Davies','2014-06-23',34),('AR7SMBG1187B9B9066','Los','Manolos','2006-11-17',32),('AR7TTCH1187FB3F95C','Leon','Russell','1990-06-05',44),('AR7TTS41187B9B42D3','R.L.','Burnside','1994-07-10',46),('AR7UOUK1187B99078C','Terry','Snyder','2009-07-29',32),('AR7V3VQ1187B9A08AA','At','All Cost','1986-02-21',32),('AR7Y6JX1187FB4D9B3','Bad','Brains','2008-07-10',55),('AR7ZKHQ1187B98DD73','Glad',' ','1977-11-27',37),('AR828WL1187FB47E81','M',' ','2002-07-15',38),('AR82DJK1187B991107','The','Pharcyde / Big Boy / Schmooche Cat / Randy Mack','1979-02-22',49),('AR82GTS1187FB5662F','Mary','Black','1986-04-01',37),('AR858UO1187FB437B4','Precious','Bryant','2014-04-15',32),('AR89DTT1187B9A7ED5','Suzanne','Ciani','1976-09-24',38),('AR8JSAL1187FB3CE7E','JDS',' ','1998-02-04',44),('AR8LMZM1187B9A8160','Brooke','Valentine','2015-07-02',35),('AR8SRQ31187FB4D477','Ten','Years After','1982-03-27',46),('AR8TCLH1187B9A85E4','Piero','Umiliani','2013-09-07',38),('AR8U8G41187B9A833B','Tim','Exile','1971-03-12',30),('AR8W2DS1187B9B6E36','Alex','Theory','1980-09-13',31),('AR8ZCNI1187B9A069B','Planet','P Project','1976-04-06',33),('AR93D4D1187FB3ACAD','J.J.','Cale','2016-12-30',43),('AR93RTI1187B98ECFB','Mance','Lipscomb','2007-09-29',33),('AR95QS71187FB3F49A','Joi',' ','1988-08-12',36),('AR9788H1187B9A05D1','Outerspace',' ','1978-07-26',37),('AR9A5TK1187B9AD07F','fIREHOSE',' ','2017-10-15',38),('AR9AM2N1187B9AD2F1','Inspiral','Carpets','1996-09-04',39),('AR9EZGO1187B9A401F','Jan','Howard','1992-06-03',25),('AR9KWJK1187FB4A531','Willie','Rosario','1980-10-13',33),('AR9ODB41187FB459B2','Organized','Konfusion','1983-02-22',41),('AR9XDAA1187B99768F','Lara','& Reyes','1985-06-16',35),('AR9XEVF1187B99D017','Borialis',' ','1976-07-21',42),('AR9YWMS1187FB43A34','Dinosaur','Jr','1997-08-24',55),('ARA1EK21187B9A2FB7','Silent','Stream Of Godless Elegy','2009-02-24',36),('ARA3I0J1187FB57869','Blink-182',' ','1984-04-12',58),('ARA3VJJ1187FB3F5A6','Shelby','Lynne','2000-05-12',54),('ARA6BH81187B98F3AF','Modeselektor',' ','2000-02-06',39),('ARA7WV51187FB532B0','GG','Allin','2008-11-17',38),('ARA8O8L1187B9AD61D','Professor','Longhair','2010-06-07',40),('ARABTW91187FB3A73B','David','Summers','1989-10-04',34),('ARADF5Q1187B98DAE7','Francisco','CA(c)spedes','2007-05-22',34),('ARAHQDS1187FB55275','Maysa',' ','1976-10-22',40),('ARAJPHH1187FB5566A','The','Shangri-Las','2004-04-27',41),('ARANOZN1187B9B373E','Descendents',' ','1972-03-12',47),('ARAPH9U1187B9B34F0','Randy','Travis','2007-09-05',54),('ARASJQK1187FB5B9D1','Buddy','Jewell','1996-09-28',41),('ARASYMJ1187B9ACAF2','Whitesnake',' ','1981-12-05',53),('ARAZCWP129462A97F1','Bob','Marley','1994-07-20',57),('ARB06Z71187B99049A','Seamus','Egan','2011-05-01',32),('ARB29H41187B98F0EF','Terry','Callier','2002-09-04',41),('ARB336A1187B9A4583','MC5',' ','1976-09-26',45),('ARB5TJM1187B9A71FD','Finntroll',' ','1986-10-02',42),('ARBD4QW1187FB42153','Scar','Symmetry','1984-12-16',45),('ARBHBE91187B9A1F58','Jonny','Lang','2014-05-17',48),('ARBJSO81187B9BA09B','Soda','Stereo','2016-09-17',46),('ARBM57Q1187B9AF97C','James','Horner','1970-06-15',49),('ARBQBZV1187B99D29E','Carl','Cox Vs Yousef','2006-11-10',38),('ARBQPXY1187B98D67B','Kris','Kristofferson','2017-02-28',49),('ARBTD2Y1187B9B3EA5','Lincoln','Center Jazz Orchestra','2014-07-03',30),('ARBTNN91187B9ADD5D','The','Last','2004-04-22',32),('ARBUHDB1187FB3E72C','Bobby','Vee','2002-02-03',39),('ARBXBQR1187FB56FA5','Bill','Douglas','2013-07-06',34),('ARBZAIL1187FB5B1C8','Bob','Margolin','1983-07-30',32),('ARC43071187B990240','Wayne','Watson','2016-03-31',35),('ARC5Q0L1187B98D463','Enter','the Haggis','2000-12-26',40),('ARC6UC81187B989062','Hem',' ','1987-12-14',45),('ARC70XM1187FB4D5B0','Free',' ','2017-10-10',46),('ARC8CQZ1187B98DECA','Jack','Johnson','1971-02-16',67),('ARCCRTI11F4C845308','White','Heart','1986-03-09',33),('ARCF06I1187B995398','K-OS',' ','2007-03-09',43),('ARCFOZ71187FB43A0D','The','Dirty Skirts','2009-10-07',40),('ARCID1N1187FB51DA0','Carlos','NuA+-ez','2012-11-23',38),('ARCLFWR1187B9AE7B2','Fun','Lovin\' Criminals','2013-04-26',48),('ARCP8YG1187B997D72','Claire','Hamill','1992-11-17',35),('ARCRR5X1187FB3BD4A','Elva','Hsiao','1986-03-22',37),('ARCT5P61187FB3D950','The','Impressions','2009-04-07',41),('ARCYE581187B9A1482','Timo','Maas','1996-09-11',39),('ARCZ20M1187FB49687','Tony','Joe White','2002-03-05',40),('ARD2NDU1187B99B615','Dropkick','Murphys','2008-08-11',56),('ARD39VZ1187B9B9A57','Lloyd','Banks','1979-01-12',60),('ARD3LXU1187B9ABFC5','Sex','Pistols','1994-09-01',54),('ARD5K161187B9AC784','Orbital',' ','1984-01-11',49),('ARD7TVE1187B99BFB1','Casual',' ','1979-05-16',40),('ARD842G1187B997376','Blue','Rodeo','1979-09-02',44),('ARDD9UN1187B98D3A7','Sonny','Simmons','2018-08-06',31),('ARDEC2A1187B9A460E','Chimaira',' ','1973-02-07',47),('ARDG9Z71187B997023','Public','Image Ltd','1984-08-09',41),('ARDGB6U1187FB3AD07','Eurythmics',' ','1986-09-29',52),('ARDGBFI1269FCD6AA6','The','Grease Band','2007-04-09',19),('ARDI88R1187B98DAB2','Foxy','Brown','1993-11-24',40),('ARDIBRT1187B9AF176','Led','Zeppelin','1985-10-14',63),('ARDM8331187B9B947E','Pedro','Aznar','1978-03-17',43),('ARDNW1B1187FB4ABBB','ChA(c)co','Feliciano And Joe King','2018-05-02',34),('ARDOOH01187B991055','Ultraviolence',' ','2018-04-02',37),('ARDQO721187FB3C6D9','Rodney','O & Joe Cooley','2004-01-14',30),('ARDSWIE1187FB39056','Gang','Starr Featuring Jeru The Damaja And Lil Dap','2010-06-14',49),('ARDW5AW1187FB55708','Shawn','Colvin','1977-07-31',44),('ARDY3451187B9A0226','Skeeter','Davis','1994-06-11',39),('ARE0OLY1187B9AD19F','Jesse','Malin and The St. Marks Social','1980-12-29',45),('ARE1N571187B98A47D','Prozak',' ','1988-03-02',37),('ARE815V1187B998A43','T-la','Rock','1986-06-07',29),('ARE8GLF1187FB52532','Red','Hot Chili Peppers','2007-02-22',57),('ARED2DG1187FB3CB4D','Tantric',' ','2004-08-04',46),('AREEMIN11F4C848971','Gil','Semedo','1976-04-19',38),('AREGV3K1187B9AF614','MAPtley','CrA1/4e','2018-09-27',50),('AREHK7O1187B9ADDD7','The','Cardigans','1972-10-25',52),('AREJO121187B995676','Taint',' ','2005-10-07',34),('AREKO1L1187B997EFE','The','Radio Dept.','2001-12-24',51),('ARENU9O1187B993B5E','Cool','For August','1991-12-17',33),('AREP8KM1187B9A3A7B','Jackson','United','1990-03-25',31),('AREPD8D1187FB3F5BC','Sister','Hazel','1999-03-29',50),('ARESVFD1187FB522E6','Rikk','Agnew','1974-10-17',32),('ARETCTY1187FB4C033','LORE',' ','1991-10-19',39),('AREUYDJ1187B9BA040','Krystof',' ','1998-09-19',37),('AREV2491187B9B017E','Mobb','Deep','1986-02-22',50),('AREVWGE1187B9B890A','Bitter','End','1999-07-26',44),('AREY3RN1187B993C5F','Goatwhore',' ','1972-11-07',42),('ARF0COO1187B99B9EF','Cauterize',' ','1991-04-24',41),('ARF1E421187B9AF8C4','El','Gran Silencio','2014-07-02',37),('ARF2EHS1187B994F4E','Kings','Of Leon','2014-07-18',78),('ARF3GX71187FB3EB66','Martina','McBride','1984-01-22',62),('ARF3HEO1187B9AF2F4','Donnie','McClurkin','1990-10-08',48),('ARF3L8J1187B9B7866','Astarte',' ','1982-07-29',35),('ARF6ZTO1187FB3684F','Story','Of The Year','2001-10-13',58),('ARF84A41187B9A34E7','Rancid',' ','1994-04-04',54),('ARF9EI11187B9AB66C','9th','Wonder featuring Defcon_ Phonte','1975-07-26',43),('ARFCOGY1187FB454B4','The','Winans','1995-01-06',34),('ARFCUN31187B9AD578','The','Rolling Stones','1997-07-11',73),('ARFFDZU1187FB50682','Alan','Silvestri','1986-04-28',45),('ARFJD5L1187B9A30BA','Los','Van Van','1996-05-07',40),('ARFM7OI1187B990C49','Tonic',' ','2008-08-21',52),('ARFONSP11F50C4D175','Michael','Bloomfield','1971-10-07',37),('ARFVYJI1187B9B8E13','Pearl','Jam','1997-09-12',60),('ARFWL8S1187B9B4B44','CA(c)line','Dion','1986-06-11',66),('ARFY8NV1187B9B1961','Der','Moderne Man','1995-05-02',29),('ARG8DXO1187B9AF743','Less','Than Jake','2016-07-19',55),('ARG9E8O1187B99AB4F','Bury','Your Dead','2009-09-01',50),('ARGBR4I1187B99D073','Mudhoney',' ','2001-10-21',47),('ARGEKDX1187FB3A5BF','Marcus','Miller','2009-07-07',41),('ARGIWFO1187B9B55B7','Five','Bolt Main','1974-09-13',36),('ARGMRRK1187FB5BE1F','Dean','Elliott And His Big Band','2003-09-30',32),('ARGMXQW1187FB54C34','Eliane','Elias','2004-01-20',42),('ARGNLJL1187B9AB503','Point','Of Grace','1981-05-13',53),('ARGO67V1187B9968D2','Saosin',' ','1988-06-09',56),('ARGREXL1187FB3FC9B','Coven',' ','1971-03-10',37),('ARGWFMR1187B98D0E7','CA3mplices',' ','2013-11-23',34),('ARGWIHH1187B9A79B0','Test','Icicles','1979-05-20',37),('ARH09RT1187FB4A843','OV7',' ','1979-01-06',43),('ARH0NCL1187B99B41A','Quadro','Nuevo','1973-09-11',40),('ARH3S5S1187FB4F76B','Nirvana',' ','1976-02-03',66),('ARH6VQG1187B9BA0FA','Photo','Atlas','1981-10-30',34),('ARH6W4X1187B99274F','Radiohead',' ','2010-06-10',68),('ARH861H1187B9B799E','Johnny','Cash','1974-07-18',73),('ARH8B5X1187FB3B6C0','Skeletonwitch',' ','2006-11-03',52),('ARHBYTA1187FB3C812','Luar','Na Lubre','2013-08-16',41),('ARHEQ501187FB4F898','Fruko','Y Sus Tesos','1988-04-28',37),('ARHI20L1187FB4C997','Jeff','Beck','1976-05-15',52),('ARHRP6Q1187FB3F016','Buzzhorn',' ','2002-10-09',37),('ARHSYTC11F50C505F9','D\'','Militante','1992-07-27',29),('ARHY20W1187B9B8262','Steve','Erquiaga','1976-10-11',36),('ARHZCG01187B99E4DE','Stanley','Clarke','2006-04-22',46),('ARI0PUX1187FB3F215','Maxi','Priest','1975-04-01',44),('ARI3WLL1187B99182B','Soul','Embraced','1983-02-28',35),('ARI4NXX1187FB59DF2','Raze',' ','1979-08-04',40),('ARI5P4N1187FB3F44D','Suburbs',' ','1975-01-25',33),('ARI6OUG1187B989234','Izzy',' ','2002-01-15',34),('ARI8GY11187B988DF4','Hemdale',' ','2000-10-20',32),('ARIFTCD11F4C84086D','Tha','Chamba','1970-04-20',17),('ARIG6O41187B988BDD','Richard','Souther','1971-05-29',33),('ARIH5GU1187FB4C958','Silverchair',' ','1987-06-03',53),('ARIHI8H1187B9B0058','Jackie','Edwards','1985-04-06',35),('ARIK8T31187B9A4D4F','Louis','Prima And Keely Smith','2001-06-10',39),('ARINEWW1187FB5577E','Perrey','And Kingsley','1986-07-19',33),('ARIRBO11187FB4B219','Donna','The Buffalo','2015-10-19',37),('ARIRD6J1187FB5A98C','Sugar','Minott','1991-07-04',38),('ARIUHYM1187B9AEAE4','Ultimate','Fakebook','1989-08-11',32),('ARIWB161187B9AA1D5','Simon','& Garfunkel','2008-04-27',51),('ARIXPDI11E90579CD5','Los','Gaiteros de San Jacinto','1972-04-23',31),('ARIYH1U1187B9AF8A3','Paulette','Tajah','2011-01-23',31),('ARJ1W5M1187FB458F3','Sweet',' ','2014-01-21',50),('ARJ3VRY1187B9A3058','Memphis','La Blusera','2015-10-23',31),('ARJ7SQ31187B9AF432','Billy','Bragg & Wilco','1993-04-20',52),('ARJ9B1V1187FB4DD1F','Kid','Sister','2014-10-07',46),('ARJ9DSA1187B990E00','John','And The Bluesbreakers Mayall','1985-05-15',40),('ARJAVK71187B989FEF','Sonia','Dersion','1990-11-16',34),('ARJBWQI1187B9B17D1','Trivium',' ','2016-03-29',49),('ARJIWJH1187FB3F6B9','Elvin','Bishop','1972-01-06',40),('ARJJRZ41187FB4C856','Jewel',' ','2018-05-23',41),('ARJKZOP11F50C51177','Colombiafrica','- The Mystic Orchestra','1975-08-08',20),('ARJR7S11187FB36A2A','The','Forms','1976-05-11',41),('ARJV0U41187B9AB715','All','Time Low','2016-06-03',52),('ARJXULI11F4C83C865','BA(c)la','Fleck','1990-03-20',27),('ARJXZX41187B9B6A43','Dream','Warriors','2017-02-27',34),('ARK0BT61187B9ACEC2','Monster','Magnet','1991-03-05',51),('ARK2G5U1187FB46B34','Perrey','And Kingsley','2002-11-07',35),('ARK71TS1187B9902B0','Gaiteros','de Pillopo','1979-07-11',13),('ARK82DC1187B9A1FEB','Gordon','Jenkins','2018-04-25',33),('ARK8EHO1187B9B71D1','Shamen',' ','1990-06-25',39),('ARK9TRQ1187B99C095','Nine','Inch Nails','1989-09-26',59),('ARKC83D1187B9AB367','Bill','& Gloria Gaither','2013-02-11',31),('ARKCYJV1187FB392E9','Set','Your Goals','2016-04-18',54),('ARKETDZ1187B9B2566','Marlene','Dietrich','2013-06-16',41),('ARKIYC51187FB4775A','Juice','Leskinen','1972-05-11',42),('ARKLA8V1187B999B68','Baroness',' ','2014-07-02',47),('ARKMIBT11F4C8430D9','The','Antlers','2010-01-31',46),('ARKQN8X1187B99221C','Joe','Rogan','1974-08-10',37),('ARKRQSV1187B99FB13','Deborah','Allen','1991-02-28',35),('ARKRRTF1187B9984DA','Sonora','Santanera','2011-12-07',34),('ARKWT6J1187B98ED50','MA3veis','Coloniais de Acaju','1997-08-03',41),('ARKYI5T1187B99334F','Janet','Paschal','1995-08-08',33),('ARKZJ301187FB521B2','Lily','Allen','2006-03-09',53),('ARL3VGT1187FB40E8E','Los','Fabulosos Cadillacs','1976-03-21',52),('ARL635X1187B990092','Charlotte','Gainsbourg','1995-04-29',52),('ARL6FF81187FB5A916','Panic','At The Disco','2000-09-01',60),('ARL6UP41187FB5C604','Facto','Delafe y las flores azules','1975-05-19',36),('ARLBNAC1187FB47151','Etienne','de CrA(c)cyA ','1975-06-15',39),('ARLDW2Y1187B9B544F','Tommy','James & The Shondells','2002-01-11',39),('ARLDW6Z1187FB3F2A0','Abraham','Laboriel','1982-06-14',29),('ARLGIX31187B9AE9A0','R.','Kelly & Jay Z','1979-10-23',81),('ARLGWFM1187FB4AC9F','Scarlet\'s','Remains','1973-04-30',39),('ARLH4CH11C8A4173EC','Creedence','Clearwater Revived','1987-12-21',23),('ARLHEM01187B9AFF5B','Conjunto','Clasico','1993-06-03',32),('ARLTWXK1187FB5A3F8','King','Curtis','2009-08-08',36),('ARLWR721187B9A03C9','T.G.','Sheppard','1979-04-28',34),('ARLZ2LD1187B9B17FD','Emilia',' ','2004-03-06',36),('ARLZ6BF1187FB3DD6A','Alain','Souchon','2011-02-25',37),('ARM63WJ1187B9951EA','Autumnblaze',' ','1993-07-26',35),('ARM7EDF1187B9B3FA1','Guns','N\' Roses','1984-05-18',71),('ARM9Q581187B98E984','Kinky',' ','1998-09-26',55),('ARMAC4T1187FB3FA4C','The','Dillinger Escape Plan','1978-11-01',54),('ARMB95F1187B9B5B93','Cam\'Ron','/ JR Writer','1993-11-17',51),('ARMBYRO1187FB57419','Nadine','Renee','1983-08-26',13),('ARMGJ1W1187FB53EEC','Unison',' ','1986-01-03',36),('ARML3X41187FB35F2E','Jason','Mraz','1989-01-06',79),('ARML7XL1187FB43F59','Boondox',' ','1992-06-15',46),('ARML8X41187B990644','Simple','Minds','2003-05-19',50),('ARMQHX71187B9890D3','Mastodon',' ','1994-08-29',57),('ARMR44C1187FB433D2','Penguin','CafA(c) Orchestra','1979-10-23',40),('ARMUC731187B9A172D','Azis',' ','2014-01-23',38),('ARMW8O71187B98CD90','AngA(c)lla','Christie','2001-01-28',29),('ARN5W1B1187B98BE10','Warrior','King','2004-02-05',41),('ARN7OQ21187FB5A6B3','Furry','Lewis','2008-11-22',36),('ARN8NCB1187FB49652','Lionel','Rogg','2018-07-08',29),('ARNBFWO1187FB4D1DD','William','Coulter','2008-11-05',33),('ARNDB1X1187B990AA0','Suicidal','Tendencies','2004-09-11',52),('ARNDBEM1187B9A2918','Turisas',' ','1987-09-22',50),('ARNDL191187FB51583','Jimi','Hendrix','1991-09-02',58),('ARNE16X1187B9B2DEE','Jimmy','Cliff','1999-03-26',46),('ARNF6401187FB57032','Sophie','B. Hawkins','1992-02-13',37),('ARNHHIV1187FB4EA23','New','Order','1975-04-05',52),('ARNIFX51187FB418EA','Xcultures',' ','1999-07-14',26),('ARNITNO1187FB555D3','Arturo','Sandoval','2005-02-10',42),('ARNJ2VR1187B989DA8','Paula','Santoro','2009-06-16',28),('ARNJVSL1187B99AFD4','2raumwohnung',' ','2009-02-25',39),('ARNLO5S1187B9B80CC','Van','Halen','1989-10-20',57),('ARNLW7H1187B99EC9D','Trick','Trick / Eminem','2004-01-18',39),('ARNMHWR11F4C83B384','Kingston','Trio','2004-07-17',29),('ARNNQ9E1187FB3C82F','Sizzla',' ','1985-08-12',45),('ARNQ7UN1187B98EE77','Novaspace',' ','1983-10-04',37),('ARNQESK11F4C83FD6F','Beatnuts','featuring dead prez and Cheryl Pepsi Riley','2006-07-14',28),('ARNR58F1187FB52FA9','BigElf',' ','2010-12-13',36),('ARNTTHK1187B98FF64','Andy','& Lucas','2008-07-31',40),('ARNUPIM11F4C83BD4D','Melt','Banana','1970-07-08',41),('ARNVH8S1187FB52F86','Heavy','D / McGruff','1994-03-20',36),('ARO3SS31187FB3729C','GWAR',' ','1973-04-22',47),('ARO4WQR1187B9B9825','Kenny','Rogers','1993-07-25',61),('ARO5P0H1187FB5BAD7','Pepper',' ','1999-02-03',47),('AROBQ0B1187FB404F6','Walter','Jackson','1987-04-29',31),('ARODBRG1187FB3FD99','Nick','Cave & The Bad Seeds','1986-04-04',47),('ARODMZJ1187B9ACE8E','Terror','Fabulous','2016-06-24',29),('AROEL1B1187B988B90','Lost','Boyz','2013-01-21',41),('AROGAPH1187B98CF9C','Benabar',' ','1999-11-04',37),('AROHMXL1187B9AF4B2','Yung','Joc','1972-11-20',51),('AROLMXS1241B9C6915','An','Cafe','1989-03-28',31),('ARORSBT11F50C4A96B','De','La Ghetto','1990-04-29',45),('AROSGVP1187B9B011F','The','Clancy Brothers','1981-04-12',40),('AROVSYC119B3403921','Gus','Viseur','2004-09-13',27),('ARP6N5A1187B99D1A3','Mitch','Ryder','1979-12-28',29),('ARP96FM1187B9AEA77','Semisonic',' ','2011-09-21',47),('ARP9QX11187FB50EEB','Ulytau',' ','2007-10-25',33),('ARPB4TX1187B98DDEA','Marga','Gomez','2008-06-07',22),('ARPFHN61187FB575F6','Lupe','Fiasco','1976-08-07',55),('ARPGPI81187B98AEEA','Chaotica',' ','2008-03-21',31),('ARPHH7Z1187B9B6A3A','Franco',' ','1989-04-30',45),('ARPJMMD1187FB4BD47','Curt','Bois','2004-10-18',11),('ARPQ4Z01187FB3A736','Butthole','Surfers','1992-11-16',48),('ARPTJHV11F4C83EF53','Mighty','Diamonds','2008-07-21',41),('ARPUTNP1187B9AA71B','AndrA(c)','Minvielle','1978-02-03',42),('ARPVFV91187B98BB94','Cinder',' ','2017-10-21',35),('ARPYBWQ1187B989C0D','Natural','Elements','1973-01-15',36),('ARQ05GM1187B990512','A','Static Lullaby','2004-11-04',55),('ARQ0BZY1187B99F093','Everyday','Sunday','2014-10-29',42),('ARQ76LG1187B9ACD84','Black','Flag','1970-08-03',54),('ARQCHDN1187FB4C7C2','Luiz','Bonfa','2005-03-29',34),('ARQCMZ01187B99342C','The','Secret Life of Teenage Girls','1988-01-12',23),('ARQDWBG1187B9891D7','Zeromancer',' ','2012-10-15',40),('ARQDYV0119B866800F','Gertrudis',' ','1997-08-30',34),('ARQGNEN1187FB4494C','Gabinete','Caligari','1977-01-12',32),('ARQGYP71187FB44566','Jimmy','Wakely','2016-12-31',29),('ARQI3OI1187B99DB1A','GAPtterdA$?mmerung',' ','1993-07-29',42),('ARQL2SZ1187B99244B','Nic','Endo','1986-01-05',43),('ARQOC971187B9910FA','The','Verve Pipe','2007-03-06',49),('ARQRD391187FB5515A','Chelsea',' ','2004-05-21',35),('ARQXAUH1187B9BA010','Glen','Campbell And Bobbie Gentry','2016-09-28',38),('ARQXR6R1187FB46FD6','Soul','Asylum','1978-08-21',46),('ARR2TI31187FB380FE','The','Field Mice','2001-09-29',40),('ARR3ONV1187B9A2F59','Muse',' ','2012-01-04',75),('ARR6MOS1187B994C51','Mando','Diao','2002-11-08',48),('ARR8B8W1187B9AE0B4','House','Of Lords','1990-04-07',36),('ARR9XGB1187B9912E6','Boyz','II Men','1995-03-11',60),('ARR9XHK1187FB3894D','Leila','Chicot','2011-07-30',41),('ARRH2S81187B98C8AA','Bongzilla',' ','2005-12-22',44),('ARRJ3UC1187FB579D7','Wyclef','Jean featuring Butch Cassidy and Sharissa','2004-10-09',47),('ARRJNTE1187FB44E12','Casiotone','For The Painfully Alone','2008-05-15',39),('ARRNO111187B9B3FC9','Galactic',' ','1977-06-10',45),('ARRPCKN1187FB5BA2F','Z.Z.','Hill','1987-08-13',33),('ARRVGAX1187FB4D745','Little','Eva','2003-11-26',38),('ARRX4FO1187FB58DD6','Jackie','Davis','1974-08-02',32),('ARRXG5Y1187B9AA016','G-Unit',' ','1996-08-23',53),('ARS1OWB1187B99EEAD','The','New York Dolls','2000-08-15',47),('ARS6HDE1187B99CA29','Joe','Lynn Turner','2003-04-01',36),('ARSAJKR1187FB4C5DC','Kim','Wilson','1975-03-13',32),('ARSEC9Q1187B98912D','Colin','James','1970-12-05',44),('ARSF0K11187B9AF319','James','Taylor','1989-10-03',62),('ARSF4161187B9B449F','The','Gone Jackals','1979-04-23',35),('ARSL3N21187B98DFC5','Klaus','Badelt','2010-10-08',46),('ARSRFOY1187B9917DA','Otis','Taylor','1981-09-21',39),('ARSTSEH121318C5B01','Siouxsie',' ','1992-04-02',42),('ARSW5F51187FB4CFC9','Alice','In Chains','2004-09-19',58),('ARSYOWS1187FB41157','The','Rascals','2005-03-12',40),('ARSZ6MA1187FB43D29','The','Notorious B.I.G.','1996-05-24',50),('ART09111187FB5BF48','Ty','Herndon;Stephanie Bentley','1999-01-21',45),('ART3O5Z1187B9AB043','Stevie','Ray Vaughan And Double Trouble','1993-10-18',54),('ART4EPR1187FB38772','Malcolm','McLaren','2003-08-12',54),('ART5MUE1187B98C961','Metallica',' ','1990-02-05',78),('ARTB5PP1187FB523B7','Donny','Hathaway','1988-12-06',42),('ARTDBI61187FB48479','Marvin','Sapp','1990-10-31',45),('ARTDQRC1187FB4EFD4','Black','Eyed Peas','1986-11-15',100),('ARTE6AQ1187B9B2826','The','High Strung','2013-09-07',39),('ARTE9CG1187B99B1AF','DMX','/ Eve / Jadakiss','2010-07-08',50),('ARTEGHH1187FB435C8','Bebo','& Cigala','2007-08-31',35),('ARTH9041187FB43E1F','Eminem',' ','2014-06-05',80),('ARTJJZZ1187B9BA5E7','Rishi','Rich','1990-12-02',33),('ARTWPGO1187FB52DC3','Elephant','Man','1991-05-11',45),('ARTXGGI1187B9B3D58','Blackalicious',' ','1974-09-18',51),('ARU0HTX1187B98B4C6','Lisa','Lynne','1996-03-01',42),('ARU9KWP1187B98B2A7','Busdriver',' ','1976-07-17',34),('ARUF71J1187FB511C1','Boots','Randolph','1984-06-08',33),('ARUG6DV1187B992475','Willie','Clayton','1971-09-12',37),('ARUGX5X1187FB468C4','Dino',' ','2000-01-09',40),('ARUI8651187B9ACF52','John','Cale','1988-12-25',48),('ARUKN9H1187B9B71C8','The','Black Crowes','1985-02-14',53),('ARUSOMY1187FB4D3B4','Anti-Flag',' ','1986-03-23',52),('ARUTS6Y1187FB5BDAB','Twila','Paris','2008-02-14',40),('ARUWB5W1187B98D7A1','Ensiferum',' ','1995-05-06',51),('ARUYVDC12086C11D5C','Fever','Ray','1987-07-31',52),('ARUZL121187FB4B42D','True','Believers','2014-09-12',32),('ARUZRFN1187B98AC05','Bone','Thugs-N-Harmony / Akon','2000-11-13',55),('ARV1ALU1187FB4D77E','Eighteen','Visions','1999-11-01',44),('ARV1JVD1187B9AD195','Loudon','Wainwright III','2000-05-21',44),('ARV1P811187FB3CFC6','Jupiter','Rising','1985-06-28',36),('ARV2V751187FB4330F','Rah','Digga (Featuring Outsidaz)','1995-10-03',41),('ARV2X851187FB41A78','Open','Hand','1979-07-17',37),('ARV3CRH1187B9A1B21','Green','Day','2000-03-07',81),('ARV3IN31187FB4AAAE','Till','West & DJ Delicious','2016-01-15',32),('ARV4KO21187FB38008','Del','Tha Funkee Homosapien','1994-03-01',45),('ARV57NY1187FB3C1DC','Tommy','Castro','1975-12-18',41),('ARV6QHT1187FB5537A','Nana','Caymmi','1979-02-03',34),('ARV8LAR1187FB3DE2A','Dokken',' ','1985-03-18',45),('ARVBP9K1187FB48254','Cancer','Bats','1997-04-18',53),('ARVBRGZ1187FB4675A','Gwen','Stefani','1982-09-17',53),('ARVD9M11187FB49291','Headhunter',' ','1982-03-26',44),('ARVEJ9M1187FB4DC44','Les','Ogres De Barback','1975-12-27',43),('ARVI9KK1187B9AACB4','Jan','Wayne','2006-09-23',40),('ARVJ0JK1187B98C9C0','The','Brooklyn Tabernacle Choir','1972-08-13',43),('ARVMFE61187B992463','Darwin','Hobbs','2017-07-29',40),('ARVML631187B99E90D','The','B-52\'s','1997-12-27',53),('ARVN9FZ1187FB393F1','Snow','Patrol','1985-12-29',66),('ARVSDB11187FB4270B','The','Creation','2003-10-29',35),('ARVUAJC1187B9908A5','Speedball',' ','1974-04-02',36),('ARVUQIC1187B9A7C66','Hevia',' ','1972-11-20',35),('ARVZDOM1187B9B49C9','Barry','Manilow','2014-03-05',54),('ARVZPW91187FB4D73C','Baby','Huey & The Baby Sitters','2017-05-28',33),('ARW1MUW1187FB4D5A1','3','Doors Down','1974-04-12',60),('ARW90Y31187B98FC7C','Pinchers',' ','2001-11-11',34),('ARWA8AH1187FB3FC84','Hot','Chip','2015-11-05',53),('ARWB3G61187FB49404','Steve','Morse','1990-05-04',42),('ARWBL9E1187FB4E695','Paul','Brown','2006-10-11',39),('ARWDP431187FB56492','Spinal','Tap','1991-11-03',34),('ARWG0541187FB364EC','Las','Ketchup','2009-09-13',36),('ARWHM281187FB3D381','Souls','Of Mischief','1991-07-04',46),('ARWI6LR1187FB46E9F','Richard','Galliano','1986-01-07',42),('ARWRS4D1187FB3FCD4','Elakelaiset',' ','1978-02-12',40),('ARWSMC91187B9AD369','Helen','Love','2012-06-04',34),('ARWV0Q11187FB4CDCE','Arc','Angels','1997-07-26',34),('ARWYVP51187B98C516','The','Suicide Machines','1986-03-24',46),('ARWZSFC1187FB567BF','Eddie','Money','1983-03-21',51),('ARX0IEI1187FB4FF4B','Circular',' ','2011-06-05',35),('ARX2DLI1187FB4DD03','The','Presets','1998-06-10',52),('ARX99U51187B991481','Mista',' ','2008-03-07',31),('ARX9L381187B9B7265','Mac','McAnally','2016-09-07',43),('ARXBXVM11E9057944C','NewFound','Road','1974-07-25',38),('ARXGWNG1187FB503A5','Ini','Kamoze','2017-10-05',43),('ARXIIEY1187FB44EAF','Nights','Like These','2015-04-12',31),('ARXJJSN1187B98CB37','Bebe','Winans','1977-02-06',48),('ARXLX5L1187FB47BED','Crazy','Horse','1987-07-11',34),('ARXP7MQ1187FB3AC5F','Dave','Hollister','1981-02-28',45),('ARXPE571187FB4AFD0','Rickie','Lee Jones','1993-11-08',50),('ARXR32B1187FB57099','Gob',' ','2008-05-19',40),('ARXTM8U1187B99F200','Pablo','Montero','1987-06-02',30),('ARXUT4W1187FB48BEB','Javier','Navarrete','1999-07-14',38),('ARXWAQQ1187B9AE954','Redman',' ','1984-07-09',49),('ARY53RR1187B9AE485','Avril','Lavigne','2007-11-14',59),('ARY80281187FB3E380','Sandi','Thom','2012-12-17',40),('ARYKCQI1187FB3B18F','Tesla',' ','1984-08-27',51),('ARYNSN31187FB4C573','Bizzy','Bone Presents','1974-02-24',47),('ARYO9BU1187B9ADA88','Porcupine','Tree','1984-11-03',50),('ARYVLXY1187FB373B0','Maurane','/ Lara Fabian','1971-05-22',41),('ARYXGST1187B991071','Uman',' ','1976-12-04',35),('ARYXJ5A1187B9B9E56','Kiril','Valeri','1995-05-10',43),('ARYZV2X1187B997BE7','Chris','Standring','1971-03-21',41),('ARZ05QG1187FB3843E','Byther','Smith','2008-03-19',36),('ARZ2CX31187B991668','Les','Sexareenos','2012-07-11',34),('ARZEWUR1187FB53DC8','Enthroned',' ','2006-11-08',39),('ARZKFR51187B9AF51B','Brian','Free & Assurance','1978-03-08',37),('ARZKUQF11F4C8456E8','The','Moody Blues','1985-03-22',53),('ARZM53A1187B9A1AE7','Panzer','AG','1972-05-10',37),('ARZS5VW1187FB567E8','William','Orbit','1983-07-06',42),('ARZU9NI1187B9AEE08','Babylon','Disco','1991-08-31',32),('ARZVEF91187B9AC770','Elliot','Goldenthal','1983-02-05',39),('ARZWK2R1187B98F09F','Rise','Against','2016-04-16',62);
/*!40000 ALTER TABLE `autor` ENABLE KEYS */;
UNLOCK TABLES;

--
-- Table structure for table `cancion`
--

DROP TABLE IF EXISTS `cancion`;
/*!40101 SET @saved_cs_client     = @@character_set_client */;
/*!40101 SET character_set_client = utf8 */;
CREATE TABLE `cancion` (
  `id` int(11) NOT NULL AUTO_INCREMENT,
  `autor_id` varchar(255) COLLATE utf8_unicode_ci DEFAULT NULL,
  `genero_id` int(11) DEFAULT NULL,
  `nombre` varchar(255) COLLATE utf8_unicode_ci NOT NULL,
  `duracion` int(11) NOT NULL,
  `rating` int(11) NOT NULL,
  PRIMARY KEY (`id`),
  KEY `IDX_E4620FA014D45BBE` (`autor_id`),
  KEY `IDX_E4620FA0BCE7B795` (`genero_id`),
  CONSTRAINT `FK_E4620FA014D45BBE` FOREIGN KEY (`autor_id`) REFERENCES `autor` (`id`),
  CONSTRAINT `FK_E4620FA0BCE7B795` FOREIGN KEY (`genero_id`) REFERENCES `genero` (`id`)
) ENGINE=InnoDB AUTO_INCREMENT=545 DEFAULT CHARSET=utf8 COLLATE=utf8_unicode_ci;
/*!40101 SET character_set_client = @saved_cs_client */;

--
-- Dumping data for table `cancion`
--

LOCK TABLES `cancion` WRITE;
/*!40000 ALTER TABLE `cancion` DISABLE KEYS */;
INSERT INTO `cancion` VALUES (1,'ARD7TVE1187B99BFB1',1,'I Didn\'t Mean To',218,60),(2,'ARXR32B1187FB57099',2,'Face the Ashes',209,60),(3,'AR8ZCNI1187B9A069B',3,'Pink World',269,26),(4,'ARC43071187B990240',4,'The Urgency (LP Version)',245,26),(5,'ARD842G1187B997376',5,'Floating',491,40),(6,'ARIG6O41187B988BDD',6,'High Tide',228,33),(7,'ARYKCQI1187FB3B18F',7,'Caught In A Dream',290,68),(8,'AR5KOSW1187FB35FF4',8,'Setanta matins',269,31),(9,'ARMAC4T1187FB3FA4C',9,'Setting Fire to Sleeping Giants',207,66),(10,'AR47JEX1187B995D81',10,'James (Hold The Ladder Steady)',124,49),(11,'ARGIWFO1187B9B55B7',11,'Made Like This (Live)',225,37),(12,'ARB29H41187B98F0EF',12,'Do You Finally Need A Friend',342,41),(13,'AR1Y2PT1187FB5B9CE',13,'The Emperor Falls',484,37),(14,'ARAJPHH1187FB5566A',14,'Twist and Shout',164,44),(15,'ARPQ4Z01187FB3A736',15,'Barking Dogs (From \"Piouhgd\")',450,59),(16,'ARXUT4W1187FB48BEB',16,'Midnight Swim',128,39),(17,'ARLGWFM1187FB4AC9F',17,'Spin',198,45),(18,'ARWYVP51187B98C516',18,'Burning In The Aftermath',95,52),(19,'ARFCUN31187B9AD578',19,'Angie (1993 Digital Remaster)',271,83),(20,'ARV1JVD1187B9AD195',20,'Human Cannonball',190,51),(21,'AR7TTS41187B9B42D3',21,'Glory Be',277,48),(22,'ARRJNTE1187FB44E12',22,'Nashville Parthenon',175,78),(23,'ARS1OWB1187B99EEAD',23,'Human Being',344,56),(24,'ARGMXQW1187FB54C34',24,'The More I See You',251,43),(25,'AROEL1B1187B988B90',25,'Certain Things We Do',269,40),(26,'AR3793X1187FB50CB3',26,'Driving Home For Christmas',241,76),(27,'ARINEWW1187FB5577E',27,'Spooks In Space',122,43),(28,'ARDGB6U1187FB3AD07',28,'Tous Les GarASSons Et Les Filles',207,38),(29,'AR2J2WF1187FB46271',29,'Too Much Saturn',300,61),(30,'ARUI8651187B9ACF52',30,'Movement 4 [from Kiss] (Album Version)',228,22),(31,'AR89DTT1187B9A7ED5',31,'Stream',239,41),(32,'ARF2EHS1187B994F4E',32,'Wicker Chair',187,68),(33,'AR06EB01187FB40150',33,'Stickin In My Eye',144,67),(34,'ARBJSO81187B9BA09B',34,'Entre CanAbales',246,62),(35,'ARNIFX51187FB418EA',35,'Sudanese Dance',273,19),(36,'ARCCRTI11F4C845308',36,'Where The Thunder Roars (Tales Of Wonder Album Version)',298,26),(37,'ARNVH8S1187FB52F86',37,'Wanna Be A Player',161,23),(38,'ARNLO5S1187B9B80CC',38,'Panama (Remastered Album Version)',209,82),(39,'ARTDQRC1187FB4EFD4',39,'Let\'s Get It Started',229,62),(40,'ARK9TRQ1187B99C095',40,'Metal',426,63),(41,'ARMBYRO1187FB57419',41,'Next Time',249,19),(42,'ARI5P4N1187FB3F44D',42,'Monde De Fou',187,24),(43,'ARLWR721187B9A03C9',43,'You Feel Good All Over',194,38),(44,'AR6G4V01187B9AD086',44,'I Never Came',288,72),(45,'AR9AM2N1187B9AD2F1',45,'Commercial Reign',283,66),(46,'AR9XEVF1187B99D017',46,'Hourglass',239,55),(47,'ARCFOZ71187FB43A0D',47,'Wake',206,30),(48,'ARXWAQQ1187B9AE954',48,'WKYA (drop)',124,57),(49,'ARDD9UN1187B98D3A7',49,'A Distant Voice',443,27),(50,'ARVJ0JK1187B98C9C0',50,'Lead Me Lord',324,40),(51,'AR4PCIG1187B98D07D',51,'Spontanous Combustion',275,24),(52,'AR1RHCO1187B9AF0BF',52,'Choro',294,38),(53,'ARBQBZV1187B99D29E',53,'I Want You (Forever)',357,51),(54,'AR9ODB41187FB459B2',54,'Hate',198,46),(55,'ARF3GX71187FB3EB66',55,'I Can\'t Stop Loving You',261,48),(56,'ARR9XGB1187B9912E6',56,'On Bended Knee',329,34),(57,'ARTB5PP1187FB523B7',57,'Little Girl (LP Version)',283,61),(58,'ARVEJ9M1187FB4DC44',58,'Niev nietch nievitch',254,39),(59,'ARCZ20M1187FB49687',59,'I Want Love (Tween You & Me) (Album Version)',162,37),(60,'AR11NP91187B9901B4',60,'Christlike Roche',338,26),(61,'ARBZAIL1187FB5B1C8',61,'You Rascal You',126,23),(62,'ARV1P811187FB3CFC6',62,'They Say (Album)',193,21),(63,'ARQOC971187B9910FA',63,'Medicate Myself',292,46),(64,'AR19SOA1187B98F6E6',64,'Biding Her Time',241,48),(65,'ARTDBI61187FB48479',65,'More And More  (LP Version)',270,26),(66,'ARI0PUX1187FB3F215',66,'Groovin\' In The Midnight',301,34),(67,'ARYO9BU1187B9ADA88',67,'Waiting',416,82),(68,'AR6PJ8R1187FB5AD70',68,'Hips Don\'t Lie (featuring Wyclef Jean)',217,73),(69,'AR7BMMV1187FB5B2D7',69,'I Got Over It (Album Version)',203,47),(70,'AREEMIN11F4C848971',70,'Festa',285,39),(71,'AR5LZJD1187FB4C5E5',71,'Hanging On (Medium Key Performance Track Without Background Vocals)',204,23),(72,'ARK2G5U1187FB46B34',72,'Gossippo Perpetuo',127,44),(73,'ARZEWUR1187FB53DC8',73,'The Vitalized Shell',240,54),(74,'ARFVYJI1187B9B8E13',74,'Inside Job',428,65),(75,'ARMQHX71187B9890D3',75,'The Czar: Usurper/Escape/Martyr/Spiral (Album Version)',654,62),(76,'ARYXJ5A1187B9B9E56',76,'Bulgarian Dream',306,27),(77,'AR0X3JJ1187FB3A9A7',77,'We\'re Gonna Go Fishin\'',127,49),(78,'AR035N21187FB3938E',78,'Robbers Kill Cop',44,30),(79,'ARANOZN1187B9B373E',79,'Orgofart',140,51),(80,'AR1GYND1187B9A9CD3',80,'Cooler Than You',124,40),(81,'AR1PCLK1187FB5BBFF',81,'Taryns Deepest Fear',167,44),(82,'ARGWIHH1187B9A79B0',82,'Snowball',190,54),(83,'AR93RTI1187B98ECFB',83,'Going Down Slow',187,35),(84,'AR567PN1187FB4B4F2',84,'Silent Hill',329,57),(85,'AR4K59J1187FB3759B',85,'Everything Changes',244,23),(86,'ARDG9Z71187B997023',86,'(This Is Not A) Love Song (Live)',388,26),(87,'AR56P361187B9AC4DB',87,'What Are We Here For',345,44),(88,'ARVML631187B99E90D',88,'Wig',261,71),(89,'ARD3LXU1187B9ABFC5',89,'God Save the Queen (Live)',216,41),(90,'ARC6UC81187B989062',90,'Have Yourself A Merry Little Christmas',133,36),(91,'ARKZJ301187FB521B2',91,'U Killed It',264,56),(92,'AR0LVFQ1187B9A84E0',92,'Voices On The Corner',235,25),(93,'ARU9KWP1187B98B2A7',93,'(Bloody Paw On The) Kill Floor',192,51),(94,'ARZ05QG1187FB3843E',94,'I Wish My Mother Was Here',418,43),(95,'ARTEGHH1187FB435C8',95,'Inolvidable',198,67),(96,'ARRH2S81187B98C8AA',96,'Witch Weed (Live)',397,46),(97,'ARSF4161187B9B449F',97,'Not Buried Deep Enough',229,49),(98,'ARD5K161187B9AC784',98,'Illuminate',327,68),(99,'ARUZRFN1187B98AC05',99,'Never Forget Me',286,55),(100,'ARZWK2R1187B98F09F',100,'Amber Changing',218,69),(101,'ARDOOH01187B991055',101,'Murder Academy',303,21),(102,'ARBM57Q1187B9AF97C',102,'Atmosphere Station',191,54),(103,'ARED2DG1187FB3CB4D',103,'Walk Away',177,44),(104,'AR5J8XN1187B9B712E',104,'Teacher\'s Pet',181,62),(105,'ARE1N571187B98A47D',105,'Go To Hell',173,60),(106,'AR6892W1187B9AC71B',106,'English Summer Rain',241,87),(107,'ARQDYV0119B866800F',107,'Intro',106,32),(108,'ARN5W1B1187B98BE10',108,'Empress So Divine',224,53),(109,'ARETCTY1187FB4C033',109,'Haunting',216,49),(110,'ARQXR6R1187FB46FD6',110,'Lies Of Hate',279,36),(111,'AR3PN3R1187FB4CEBD',111,'Musical Episode',234,34),(112,'ARQGYP71187FB44566',112,'Beautiful Brown eyes',155,46),(113,'ARV2V751187FB4330F',113,'The Last Word (Amended Version)',256,40),(114,'ARHRP6Q1187FB3F016',114,'Pinned To The Ground (album version)',239,19),(115,'AR10USD1187B99F3F1',115,'Always And Never (Album Version)',229,65),(116,'ARQCMZ01187B99342C',116,'Carpe PM',153,19),(117,'ARSZ6MA1187FB43D29',117,'Who Shot Ya (Amended Album Version)',316,27),(118,'ARDIBRT1187B9AF176',118,'Poor Tom (Album Version)',182,31),(119,'ARY80281187FB3E380',119,'Wounded Hearts',205,41),(120,'ARR2TI31187FB380FE',120,'When Morning Comes To Town',316,53),(121,'ARV3IN31187FB4AAAE',121,'Same Man',153,72),(122,'AR8JSAL1187FB3CE7E',122,'Nine Ways',465,58),(123,'ARL6FF81187FB5A916',123,'Northern Downpour (Album Version)',247,35),(124,'AR9EZGO1187B9A401F',124,'Bad Seed',165,27),(125,'ARLDW6Z1187FB3F2A0',125,'Exchange',368,31),(126,'AR1QXAQ1187FB47FAC',126,'Oh My God',266,63),(127,'ARU0HTX1187B98B4C6',127,'Isla del Luna',316,76),(128,'ARDW5AW1187FB55708',128,'Another Long One',224,42),(129,'AR7ZKHQ1187B98DD73',129,'Blessed Assurance',270,47),(130,'AR7SMBG1187B9B9066',130,'Rumba De Barcelona',218,40),(131,'AR62SOJ1187FB47BB5',131,'Ten Tonne',337,39),(132,'ARP6N5A1187B99D1A3',132,'Jenny Take a Ride',207,41),(133,'AR0IAWL1187B9A96D0',133,'Native Soul',197,25),(134,'ARLTWXK1187FB5A3F8',134,'A Whiter Shade Of Pale (Live @ Fillmore West)',326,66),(135,'ARNF6401187FB57032',135,'The Ballad Of Sleeping Beauty',305,59),(136,'ARPFHN61187FB575F6',136,'Streets On Fire (Explicit Album Version)',279,88),(137,'AR558FS1187FB45658',137,'Intro',75,42),(138,'ARVBRGZ1187FB4675A',138,'Harajuku Girls',290,68),(139,'ARWB3G61187FB49404',139,'Prognosis',363,64),(140,'AREVWGE1187B9B890A',140,'Living Hell',282,33),(141,'ARF6ZTO1187FB3684F',141,'Swallow The Knife (Live) (Segue)',75,21),(142,'ARPYBWQ1187B989C0D',142,'Mayday',338,40),(143,'ARQ05GM1187B990512',143,'Rattlesnake!',213,59),(144,'ARXIIEY1187FB44EAF',144,'Ghost Town Rituals (Album Version)',305,33),(145,'ARJV0U41187B9AB715',145,'Shameless',221,27),(146,'ARWI6LR1187FB46E9F',146,'L\' Envers Du DA(c)cor',261,34),(147,'AR7OCK81187B98D1F1',147,'Little Sister',225,26),(148,'AROHMXL1187B9AF4B2',148,'BYOB (Explicit Album Version)',193,30),(149,'ARD2NDU1187B99B615',149,'Bloody Pig Pile (Live)',196,52),(150,'AREJO121187B995676',150,'Hex Breaker',281,42),(151,'AR5WPYF1187B9B40DA',151,'The Melting Moon (Edit)',224,52),(152,'ARUZL121187FB4B42D',152,'Turn Around',361,25),(153,'AR7UOUK1187B99078C',153,'Deep Night/Softly As In A Morning Sunrise (Medley)',340,52),(154,'ARGEKDX1187FB3A5BF',154,'Let Me Show You [I Just Want To Make You Smile]',280,50),(155,'ARJ9B1V1187FB4DD1F',155,'Daydreaming [Jakwob Remix]',277,57),(156,'ARWSMC91187B9AD369',156,'So Hot',81,29),(157,'ARMUC731187B9A172D',157,'Anti Geroi',281,40),(158,'ARIHI8H1187B9B0058',158,'So Jah Seh',256,22),(159,'ARUWB5W1187B98D7A1',159,'Warrior\'s Quest',291,66),(160,'ARR9XHK1187FB3894D',160,'Medley LeA-la Chico',293,24),(161,'AR82DJK1187B991107',161,'The Hustle',334,57),(162,'ARBD4QW1187FB42153',162,'The Illusionist',271,71),(163,'ARJAVK71187B989FEF',163,'Urgence',269,24),(164,'AR0S7TA1187FB4D024',164,'Pero Me Acuerdo De TA',266,62),(165,'ARVD9M11187FB49291',165,'Trapped In Reality',312,21),(166,'ARV1ALU1187FB4D77E',166,'Our Darkest Days',172,66),(167,'ARVZPW91187FB4D73C',167,'California Dreamin\' (LP Version)',288,47),(168,'AR633SY1187B9AC3B9',168,'Don\'t Let Go',180,78),(169,'ARDQO721187FB3C6D9',169,'U Don\'t Hear Me Tho\' (Street Mix)',217,45),(170,'ARUF71J1187FB511C1',170,'Lonely Street',150,37),(171,'AREP8KM1187B9A3A7B',171,'Undertow',204,44),(172,'ARLH4CH11C8A4173EC',172,'Have You Ever Seen The Rain',257,23),(173,'ARHBYTA1187FB3C812',173,'Terra',251,40),(174,'ARX0IEI1187FB4FF4B',174,'Mother',59,28),(175,'ARHEQ501187FB4F898',175,'A La Memoria Del Muerto',261,69),(176,'AR19GQN1187FB3ACF5',176,'Sayin\' Dope',365,37),(177,'ARM9Q581187B98E984',177,'My Bonnie Lies Over the Ocean',101,23),(178,'AR3752L1187FB4B67E',178,'Now You Know',222,49),(179,'ARIFTCD11F4C84086D',179,'Korrupted - Remix',281,19),(180,'AR37ILI1187B98E27B',180,'Reason With The Beast',113,23),(181,'AREPD8D1187FB3F5BC',181,'Walls And Cannonballs (Album)',195,60),(182,'AR858UO1187FB437B4',182,'Dark Angel',193,24),(183,'AR8LMZM1187B9A8160',183,'Taste Of Dis (Explicit Version)',261,21),(184,'AREUYDJ1187B9BA040',184,'Prvni vesela',262,45),(185,'ARQ76LG1187B9ACD84',185,'Crass Commercialism',1030,49),(186,'AR82GTS1187FB5662F',186,'Turning Away',293,51),(187,'ARCT5P61187FB3D950',187,'The Girl I Find (LP Version)',159,39),(188,'ARSYOWS1187FB41157',188,'Nubia (LP Version)',223,40),(189,'ARLZ2LD1187B9B17FD',189,'You\'re My World',174,56),(190,'ARGWFMR1187B98D0E7',190,'Ojos Gitanos',307,56),(191,'ARV6QHT1187FB5537A',191,'Solamente Una Vez',216,26),(192,'ARNDBEM1187B9A2918',192,'Sahti Waari',146,65),(193,'ARDNW1B1187FB4ABBB',193,'Nina Nina',273,31),(194,'ARABTW91187FB3A73B',194,'Las Murallas De JericA3',321,26),(195,'ARAHQDS1187FB55275',195,'This Time I\'ll Be Sweeter',230,33),(196,'AR21YNH1187FB49649',196,'Mr. Prime Minister',286,40),(197,'ARA3I0J1187FB57869',197,'A New Hope',225,67),(198,'AR4CH531187FB4EA21',198,'Compulsory Resurrection',250,53),(199,'ARJIWJH1187FB3F6B9',199,'Party Til The Cows Come Home',254,40),(200,'ARK82DC1187B9A1FEB',200,'Don\'t Cry_ Joe',190,26),(201,'AR0CDSK1187FB52ED6',201,'Big Balls And Cow Town',251,26),(202,'ARSTSEH121318C5B01',202,'Into A Swan',234,59),(203,'ARCP8YG1187B997D72',203,'To The Stars',123,33),(204,'ARFFDZU1187FB50682',204,'The Joes Mobilize',504,30),(205,'AR0693R1187FB59D32',205,'San Cristobal',199,28),(206,'ARQDWBG1187B9891D7',206,'Ammonite',362,67),(207,'ARV3CRH1187B9A1B21',207,'Wake Me Up When September Ends (Live at Foxboro_ MA 9/3/05)',340,43),(208,'AR6GJDZ1187B991E46',208,'VolcA!n',352,45),(209,'AR6AGJV1187FB504BA',209,'Village Attack/ The Arrest',81,34),(210,'ARSW5F51187FB4CFC9',210,'Lesson Learned',256,82),(211,'ARF9EI11187B9AB66C',211,'Almost Genuine',289,52),(212,'ARORSBT11F50C4A96B',212,'Es dificil',280,64),(213,'ARKLA8V1187B999B68',213,'The Sweetest Curse',270,74),(214,'ARTE9CG1187B99B1AF',214,'We\'re Back',265,60),(215,'ARNUPIM11F4C83BD4D',215,'Talk Like POP',51,45),(216,'AR9KWJK1187FB4A531',216,'Un Tipo Como Yo',281,56),(217,'ART5MUE1187B98C961',217,'Hit The Lights',252,80),(218,'AR0WXWU1187B9AB33F',218,'Have You Seen Her',273,22),(219,'ARBXBQR1187FB56FA5',219,'Karuna',331,42),(220,'AREKO1L1187B997EFE',220,'Closing Scene',256,68),(221,'AREGV3K1187B9AF614',221,'Get It For Free',254,53),(222,'ARF0COO1187B99B9EF',222,'Shooting Stars',240,71),(223,'AR95QS71187FB3F49A',223,'The Blessing',333,44),(224,'ARIWB161187B9AA1D5',224,'Citizen Of The Planet',194,41),(225,'ARUSOMY1187FB4D3B4',225,'This Is NOT a Crass Song',359,54),(226,'ARS6HDE1187B99CA29',226,'Soul Searcher',247,42),(227,'ARXPE571187FB4AFD0',227,'Skeletons (Live Acoustic Version)',221,21),(228,'AR6F6I21187FB5A3AA',228,'Flashflood',234,63),(229,'ARBUHDB1187FB3E72C',229,'What To Do Crying Waiting Hoping Learning The Game',227,25),(230,'ARA3VJJ1187FB3F5A6',230,'Old Times Sake',290,39),(231,'AR6C6VO1187FB4E267',231,'Wasted Love',229,30),(232,'ARWA8AH1187FB3FC84',232,'Ass Attack (Four Tet Remix)',181,33),(233,'AR1DR0E1187FB48F61',233,'Sally In the Garden',44,32),(234,'ARSF0K11187B9AF319',234,'Steamroller Blues',324,54),(235,'ARFY8NV1187B9B1961',235,'Heute',183,27),(236,'ARHI20L1187FB4C997',236,'A Day In The Life (Album Version)',286,77),(237,'ARNR58F1187FB52FA9',237,'Falling Bombs',298,64),(238,'AR05VW21187FB407B4',238,'Bed Crumbs',124,48),(239,'ARNJVSL1187B99AFD4',239,'Ja (Hanno\'s Poppersmonstermix)',357,26),(240,'ARP9QX11187FB50EEB',240,'Winter (Four Seasons)',233,50),(241,'AR1GNFR1187B9AD1FD',241,'Creeper Kamikaze',201,69),(242,'ARZU9NI1187B9AEE08',242,'Error',208,33),(243,'AR22KLC1187B98E812',243,'Seuraavassa elA$?mA$?ssA$?',227,54),(244,'AROVSYC119B3403921',244,'Fausse monnaie',180,21),(245,'ARA7WV51187FB532B0',245,'I Live to Be Hated',121,38),(246,'ARWDP431187FB56492',246,'The Majesty Of Rock',235,33),(247,'AR0XSOO1187B9B9E88',247,'Strange Thing',219,55),(248,'ARHZCG01187B99E4DE',248,'Journey To Love',282,48),(249,'ARI8GY11187B988DF4',249,'Rotting Fumes',107,32),(250,'ARE0OLY1187B9AD19F',250,'Revelations',243,47),(251,'ARW1MUW1187FB4D5A1',251,'It\'s Not Me',230,70),(252,'AR6CLFP1187B9ACB94',252,'Story Of An Artist (Don\'t Be Scared)',311,68),(253,'AR3THYK1187B999F1F',253,'Segredo',197,63),(254,'ARDI88R1187B98DAB2',254,'If I...',222,58),(255,'ARR3ONV1187B9A2F59',255,'Bedroom Acoustics',156,65),(256,'ARN7OQ21187FB5A6B3',256,'Good Looking Girl Blues',171,52),(257,'AR1JGQT1187FB56878',257,'Cajun Blood',233,27),(258,'AR1ZYLH1187B98C159',258,'Jamboree',213,55),(259,'ARH6W4X1187B99274F',259,'Subterranean Homesick Alien',267,77),(260,'ARXP7MQ1187FB3AC5F',260,'Tell Me Why',305,72),(261,'ARB06Z71187B99049A',261,'Lullaby',205,32),(262,'ARWG0541187FB364EC',262,'Doble Bombo',171,23),(263,'ARJJRZ41187FB4C856',263,'Serve The Ego (Hani Num Dub)',529,34),(264,'ARI6OUG1187B989234',264,'Going Home',277,37),(265,'ARODBRG1187FB3FD99',265,'Still In Love',283,59),(266,'ARG9E8O1187B99AB4F',266,'Closed Eyes',290,53),(267,'AR02YGA1187B9B8AC4',267,'Sencillamente',307,51),(268,'ARRXG5Y1187B9AA016',268,'Poppin\' Them Thangs',242,76),(269,'ARGO67V1187B9968D2',269,'Bury Your Head',212,74),(270,'AR0CANF1187B9AF35F',270,'Big Business',149,55),(271,'ARUYVDC12086C11D5C',271,'I\'m Not Done',280,55),(272,'AR1VWD91187FB4CE99',272,'Bo Diddley',463,28),(273,'AROBQ0B1187FB404F6',273,'What Would You Do',156,35),(274,'AR8U8G41187B9A833B',274,'Post-Toxic Finger Disorder',80,42),(275,'AR8W2DS1187B9B6E36',275,'Lotus Kiss',317,53),(276,'ARYNSN31187FB4C573',276,'Intro',50,34),(277,'ARPVFV91187B98BB94',277,'The Ride (Album)',218,21),(278,'ARVUAJC1187B9908A5',278,'No Survivors',212,25),(279,'ARH861H1187B9B799E',279,'I Got Stripes (Live)',112,32),(280,'ARM63WJ1187B9951EA',280,'Her Golden Robe In Silence Veiled',286,40),(281,'ARBQPXY1187B98D67B',281,'Same Old Song',194,36),(282,'ARYVLXY1187FB373B0',282,'Mais La Vie',198,22),(283,'AREY3RN1187B993C5F',283,'Forever Consumed Oblivion',225,51),(284,'ARQGNEN1187FB4494C',284,'El Arte De Amar',304,26),(285,'AR202MX1187B9B0383',285,'Honey I Sugar Pie',207,33),(286,'AR2CM6U1187B999EB7',286,'Phylyps Trak II/II',793,50),(287,'ARASYMJ1187B9ACAF2',287,'Young Blood (2007 Digital Remaster)',209,66),(288,'ARJBWQI1187B9B17D1',288,'Upon The Shores [Explicit]',321,47),(289,'AR4TLW81187B99683D',289,'Ice Cream Man',352,30),(290,'ARQCHDN1187FB4C7C2',290,'A Brazilian in New York',305,35),(291,'ARYZV2X1187B997BE7',291,'Mumbo Jumbo (jazz)',257,49),(292,'ARMW8O71187B98CD90',292,'Walk With Me',348,20),(293,'ARFCOGY1187FB454B4',293,'Everything You Touch Is a Song',319,57),(294,'AR5U94U1187FB5CDCF',294,'Come To Find Out',247,25),(295,'AR8SRQ31187FB4D477',295,'Victim Of Circumstance',248,21),(296,'ART09111187FB5BF48',296,'Heart Half Empty',295,40),(297,'ARDEC2A1187B9A460E',297,'The Flame',323,62),(298,'ARKRQSV1187B99FB13',298,'I Will Always Love You',189,26),(299,'AR0N0DX1187FB41327',299,'The Truth Forever',623,30),(300,'ARGMRRK1187FB5BE1F',300,'Lonesome Road (1995 Digital Remaster)',150,65),(301,'AR0I2BV1187FB3D89F',301,'Ye That Tempteth_ Ye That Bequeth',239,53),(302,'ARW90Y31187B98FC7C',302,'For Your Eyes Only',195,43),(303,'ARNLW7H1187B99EC9D',303,'Welcome 2 Detroit',285,70),(304,'ARPHH7Z1187B9B6A3A',304,'Motindo Na Yo Te',188,37),(305,'ARCID1N1187FB51DA0',305,'A Costa De Galicia',237,32),(306,'ARL6UP41187FB5C604',306,'Enero en la playa (Edit)',158,21),(307,'AR3KXHI1187FB3A8BF',307,'Travel Song (Reprise)',68,33),(308,'AR93D4D1187FB3ACAD',308,'Midnight In Memphis',263,55),(309,'ARKYI5T1187B99334F',309,'God Will Make A Way',316,33),(310,'ARQ0BZY1187B99F093',310,'Don\'t Leave',269,32),(311,'ARWHM281187FB3D381',311,'Spark',220,60),(312,'AR7Y6JX1187FB4D9B3',312,'Destroy Babylon',85,58),(313,'ARI4NXX1187FB59DF2',313,'Follow Your Dreams (The Plan Album Version)',196,26),(314,'ARX2DLI1187FB4DD03',314,'Yippiyo-Ay',271,66),(315,'ARADF5Q1187B98DAE7',315,'SeA+-ora (bonus track)',204,53),(316,'ARH0NCL1187B99B41A',316,'Der Wind Hat Mir Ein Lied ErzA$?hlt (from \"La Habanera\")',221,21),(317,'AR6J3X81187FB59A7B',317,'Exaltation',417,65),(318,'ARJXULI11F4C83C865',318,'Punchdrunk',158,57),(319,'ARWZSFC1187FB567BF',319,'Two Tickets To Paradise',189,42),(320,'ARH6VQG1187B9BA0FA',320,'Red Orange Yellow',189,66),(321,'ARZVEF91187B9AC770',321,'Bullet Frenzy',617,39),(322,'AR1OBRC1187FB59AD4',322,'Before The Aons Came',178,65),(323,'AR3Q48J1187FB55278',323,'Killing',218,62),(324,'AR9YWMS1187FB43A34',324,'On The Brink',194,58),(325,'ARFJD5L1187B9A30BA',325,'Consuelate Como Yo',263,46),(326,'ARVN9FZ1187FB393F1',326,'Half The Fun',174,70),(327,'AR9788H1187B9A05D1',327,'Drive By Music',200,44),(328,'ARZ2CX31187B991668',328,'Ruby D.',98,56),(329,'ART3O5Z1187B9AB043',329,'Empty Arms',184,69),(330,'ARVSDB11187FB4270B',330,'Hey Joe',250,43),(331,'ARIUHYM1187B9AEAE4',331,'BrokA?n NA<<edle',149,35),(332,'ARF3L8J1187B9B7866',332,'Risen From Within',173,43),(333,'ARWRS4D1187FB3FCD4',333,'Humppa',182,44),(334,'ARVMFE61187B992463',334,'You Are God (Broken Album Version)',352,37),(335,'ARLDW2Y1187B9B544F',335,'Crimson And Clover',324,69),(336,'ARVUQIC1187B9A7C66',336,'San Xuan',261,42),(337,'ARJ9DSA1187B990E00',337,'A Hard Road',304,53),(338,'ARDGBFI1269FCD6AA6',338,'Laughed At The Judge',325,21),(339,'ARRPCKN1187FB5BA2F',339,'Faithful and True (Collectors Version)',333,23),(340,'AROGAPH1187B98CF9C',340,'Le Zoo De Vincennes',238,46),(341,'AR03BDP1187FB5B324',341,'Don\'t Go Knockin\' On My Door',223,65),(342,'ARH8B5X1187FB3B6C0',342,'Sacrifice for the Slaughtergod',173,58),(343,'AR3SEQM1187B98E9E8',343,'Cold Blood (LP Version)',257,27),(344,'AR5BX3Y1187FB39E93',344,'Jimi Baby',118,32),(345,'ARP96FM1187B9AEA77',345,'If I Run',258,57),(346,'AR31G891187FB3892D',346,'Maybe I\'m Crazy (Single original version_ 2008 Digital Remaster)',196,23),(347,'ARUG6DV1187B992475',347,'Heart Of The City (Soul and R&B)',238,25),(348,'ARNQ7UN1187B98EE77',348,'Guardian Angel',231,26),(349,'ARB5TJM1187B9A71FD',349,'Hel Vete',255,65),(350,'ARSEC9Q1187B98912D',350,'Sending A Message',233,23),(351,'ARKETDZ1187B9B2566',351,'Auf Der Mundharmonika',159,41),(352,'ARVBP9K1187FB48254',352,'Sabotage',180,72),(353,'ARYXGST1187B991071',353,'People of cloud nine',344,23),(354,'AR9XDAA1187B99768F',354,'Away In A Manger',92,23),(355,'ARTXGGI1187B9B3D58',355,'Rock the Spot',260,66),(356,'ARRJ3UC1187FB579D7',356,'You Say Keep It Gangsta',238,40),(357,'AR3P1NA1187FB44B9E',357,'Pop A Cap In Yo\' Ass',389,26),(358,'ARIXPDI11E90579CD5',358,'El Corcovado (The Wood-Quail)',234,19),(359,'ARBTD2Y1187B9B3EA5',359,'Chinoiserie',304,33),(360,'ARML8X41187B990644',360,'Careful In Career',308,47),(361,'AR58SJE1187B9A8E4C',361,'I\'m in Korea',190,42),(362,'ARV8LAR1187FB3DE2A',362,'Disease',210,46),(363,'ARIYH1U1187B9AF8A3',363,'Jealousy',201,21),(364,'ARM7EDF1187B9B3FA1',364,'Mama Kin',237,71),(365,'AR2XI6G1187B9AE7DA',365,'Bust At You [featuring Baby_ Scarface & Tony Sunshine] (edited album version)',277,34),(366,'AR1NT3H1187B99F67B',366,'Searching For Home',198,47),(367,'ARPJMMD1187FB4BD47',367,'Reg mich nicht auf_ Johanna',203,21),(368,'ARFWL8S1187B9B4B44',368,'The Reason I Go On',224,44),(369,'ARIH5GU1187FB4C958',369,'Cicada',312,61),(370,'ARF84A41187B9A34E7',370,'LA River (Acoustic)',163,46),(371,'ARQRD391187FB5515A',371,'Right to Work (Live)',145,53),(372,'ARNNQ9E1187FB3C82F',372,'Princess Black',274,48),(373,'AR4JY8V1187B98A62F',373,'Time After Time',312,53),(374,'ARR6MOS1187B994C51',374,'Misty Mountains',144,61),(375,'ARF3HEO1187B9AF2F4',375,'All I Ever Really Wanted',198,45),(376,'ARXBXVM11E9057944C',376,'Brand New Broken Heart',176,25),(377,'AR6C8EJ1187FB3F473',377,'Mi Sangre Latino',177,24),(378,'AR199MY1187B9B731E',378,'Vincent',451,34),(379,'ARKCYJV1187FB392E9',379,'the fallen...',204,71),(380,'ARTE6AQ1187B9B2826',380,'The Lifestyle That Got Away',153,37),(381,'ARQL2SZ1187B99244B',381,'Future Prospects',388,29),(382,'ARSAJKR1187FB4C5DC',382,'Love Attack',286,26),(383,'ARNDB1X1187B990AA0',383,'Human Guinea Pig',125,57),(384,'ARKC83D1187B9AB367',384,'Awesome God',181,27),(385,'ARTWPGO1187FB52DC3',385,'Loud And Clear',128,23),(386,'ARLZ6BF1187FB3DD6A',386,'J\'veux Du Cuir (Live)',217,21),(387,'ARO5P0H1187FB5BAD7',387,'Freeze',204,54),(388,'ARXJJSN1187B98CB37',388,'Love Thing',278,30),(389,'ARMR44C1187FB433D2',389,'Bean Fields (Live) (2001 Digital Remaster)',270,27),(390,'ARJKZOP11F50C51177',390,'Sambangole / Tres Golpes Na\' Mas',318,19),(391,'ARE8GLF1187FB52532',391,'Naked In The Rain (Album Version)',265,70),(392,'ARBHBE91187B9A1F58',392,'The One I Got',208,60),(393,'ARMB95F1187B9B5B93',393,'Shake',208,50),(394,'ARIRBO11187FB4B219',394,'Tides Of Time',281,46),(395,'AR6W5MS1187FB3BF47',395,'Down On The Farm (2006 Remastered Edit Version)',228,27),(396,'AR6IJ6U1187B99FC7C',396,'Distancia',252,33),(397,'AR4R1FL1187FB55C3B',397,'Romantic Rights',195,71),(398,'AR6XPWV1187B9ADAEB',398,'If Ever',253,49),(399,'ARKMIBT11F4C8430D9',399,'Stairs To the Attic',277,60),(400,'ARN8NCB1187FB49652',400,'Prelude And Fugue In C Major BWV 545 : Prelude',137,25),(401,'ARML3X41187FB35F2E',401,'The Dynamo Of Volition [From An All Night Session]',263,61),(402,'ARGBR4I1187B99D073',402,'Between Me & You Kid (Album Version)',217,53),(403,'ARUGX5X1187FB468C4',403,'Untitled',406,31),(404,'ARH09RT1187FB4A843',404,'Una na na',239,39),(405,'ARV2X851187FB41A78',405,'The Ambush',136,61),(406,'ARKIYC51187FB4775A',406,'Marilyn',158,52),(407,'ARTJJZZ1187B9BA5E7',407,'Come Here Feat. Jay Sean',201,21),(408,'ARWBL9E1187FB4E695',408,'Old Friends',243,64),(409,'ARD39VZ1187B9B9A57',409,'South Side Story',250,57),(410,'ARPTJHV11F4C83EF53',410,'Drifting Away',224,23),(411,'ARODMZJ1187B9ACE8E',411,'Position',191,62),(412,'ARA6BH81187B98F3AF',412,'Tetrispack',256,76),(413,'AR0B1CH1187FB3A824',413,'Nice \'N\' Easy',184,21),(414,'AR46CAD1187FB4D84B',414,'Doing Time (Album Version)',180,59),(415,'ARRX4FO1187FB58DD6',415,'Night Train (Album Version)',159,26),(416,'ARG8DXO1187B9AF743',416,'Short On Ideas / One Last Cigarette',257,40),(417,'AREV2491187B9B017E',417,'Got It Twisted',224,66),(418,'ARDM8331187B9B947E',418,'Stand',194,21),(419,'AR223M11187B9ADDD6',419,'Have Thine Own Way Lord',160,30),(420,'ARDSWIE1187FB39056',420,'I\'m The Man (Explicit) (Feat. Jeru The Damaja And Lil Dap)',244,60),(421,'ARENU9O1187B993B5E',421,'Don\'t Wanna Be Here (Album Version)',214,22),(422,'ARK0BT61187B9ACEC2',422,'CNN War Theme',217,55),(423,'ARH3S5S1187FB4F76B',423,'Heart-Shaped Box',281,54),(424,'ARMGJ1W1187FB53EEC',424,'Girls Make My Hair Loose',216,35),(425,'AR72Q9R1187B98A664',425,'Spaced Invader (Ian Pooley Club Mix)',383,25),(426,'AR9A5TK1187B9AD07F',426,'Tien An Man Dream Again',78,47),(427,'ARUKN9H1187B9B71C8',427,'Nonfiction',256,75),(428,'AR4FGSF1187FB528BE',428,'Never Be Ready',215,64),(429,'ARLHEM01187B9AFF5B',429,'CoquA',245,23),(430,'AREHK7O1187B9ADDD7',430,'Iron Man',259,64),(431,'ARLGIX31187B9AE9A0',431,'Honey',242,41),(432,'ARVI9KK1187B9AACB4',432,'Mad World (Money-G. Remix)',495,27),(433,'ARNE16X1187B9B2DEE',433,'Take Your Time feat. Yannick Noah',193,33),(434,'ARJR7S11187FB36A2A',434,'Innizar',208,39),(435,'ARWV0Q11187FB4CDCE',435,'Nadine',309,26),(436,'ARJ1W5M1187FB458F3',436,'Do It All Over Again',265,21),(437,'ARJ7SQ31187B9AF432',437,'She Came Along To Me (LP Version)',207,41),(438,'ARQI3OI1187B99DB1A',438,'Skincree',250,58),(439,'AROLMXS1241B9C6915',439,'KORITSU HOSPITAL',267,21),(440,'ARRNO111187B9B3FC9',440,'Squarebiz',205,47),(441,'ARFONSP11F50C4D175',441,'Narrative #1',35,32),(442,'ARI3WLL1187B99182B',442,'Someday (Immune Album Version)',248,40),(443,'AR7V3VQ1187B9A08AA',443,'Drugs',443,40),(444,'ARK8EHO1187B9B71D1',444,'Scientas',337,59),(445,'ARNBFWO1187FB4D1DD',445,'The Painter And The Magician',253,57),(446,'AR4M1KM1187B9AC7E2',446,'Spanish Harlem',130,68),(447,'ART4EPR1187FB38772',447,'You Need Hands (1993 Digital Remaster)',169,60),(448,'ARHY20W1187B9B8262',448,'Sicilienne',225,33),(449,'ARY53RR1187B9AE485',449,'Innocence',232,92),(450,'ARZKUQF11F4C8456E8',450,'Long Summer Days',194,38),(451,'ARNITNO1187FB555D3',451,'Luna de miel en Guama',238,26),(452,'ARGREXL1187FB3FC9B',452,'Coven In Charing Cross',244,64),(453,'ARA8O8L1187B9AD61D',453,'Junco Partner',208,56),(454,'AR828WL1187FB47E81',454,'Close To Me',238,61),(455,'AR8TCLH1187B9A85E4',455,'Apertura in jazz',234,21),(456,'ARF1E421187B9AF8C4',456,'Alma de B-Boy',208,51),(457,'AR7LN7G1187FB395BB',457,'A Mon Avis',431,35),(458,'ARNJ2VR1187B989DA8',458,'The Girl From Ipanema (Garota De Ipanema)',192,37),(459,'ARIK8T31187B9A4D4F',459,'Autumn Leaves (1999 Digital Remaster)',171,21),(460,'AR695PK1187B996E35',460,'Maria De Santiago',235,25),(461,'ARNMHWR11F4C83B384',461,'Scotch and Soda',127,26),(462,'ARHSYTC11F50C505F9',462,'T.V. & Movies',420,28),(463,'AR2P71H1187B9B8C00',463,'Therapie',64,36),(464,'AR23SSG1187FB3AC75',464,'Nu Sheng Wo Zui Da (OT:That Thrill)',220,22),(465,'ARRVGAX1187FB4D745',465,'The Loco-Motion',145,92),(466,'ARNHHIV1187FB4EA23',466,'Jetstream - Arthur Baker Remix',421,36),(467,'ARSL3N21187B98DFC5',467,'After The Fire',116,30),(468,'ARL635X1187B990092',468,'Tel Que Tu Es',189,81),(469,'ARC5Q0L1187B98D463',469,'Skyswimmer',399,45),(470,'ARX9L381187B9B7265',470,'If You Hang Around Long Enough',183,49),(471,'AR7TTCH1187FB3F95C',471,'Jambalaya (On The Bayou)',169,40),(472,'ARV4KO21187FB38008',472,'Mistadobalina',257,75),(473,'ARXLX5L1187FB47BED',473,'Dance_ Dance_ Dance  (Album Version)',133,57),(474,'AR0BV7E1187FB386C1',474,'A Little Bit Of This And A Little Bit Of That',307,65),(475,'AR0IVSA1187FB4F069',475,'Your Head',200,59),(476,'ARCF06I1187B995398',476,'Clap Ur Handz',80,62),(477,'ARCRR5X1187FB3BD4A',477,'Gotta Let It Go',241,34),(478,'AR0WV4Y1187B99B806',478,'Say How I Feel',207,57),(479,'ARB336A1187B9A4583',479,'Miss X (LP Version)',307,67),(480,'AR0WCZW1187B99F592',480,'Imparable',222,67),(481,'ARCLFWR1187B9AE7B2',481,'We Have All The Time In The World (Live)',235,21),(482,'AR261YW1187FB374B3',482,'Cherry Pie',201,80),(483,'ARSRFOY1187B9917DA',483,'Round and Round',107,59),(484,'AROSGVP1187B9B011F',484,'Water Is Alright In Tay',113,47),(485,'ARAPH9U1187B9B34F0',485,'Wind In The Wire (Album Version)',211,21),(486,'ARFM7OI1187B990C49',486,'Where Do I Fit',184,63),(487,'ARNTTHK1187B98FF64',487,'Amores Cobardes',234,26),(488,'ARKWT6J1187B98ED50',488,'Perca peso',320,61),(489,'AR5ZJLK1187B9B3A8E',489,'Brown Girl',252,26),(490,'ARQXAUH1187B9BA010',490,'Mornin\' Glory',183,55),(491,'ARXTM8U1187B99F200',491,'La Copa Grande',189,23),(492,'ARO4WQR1187B9B9825',492,'The Son Of Hickory Holler\'s Tramp',188,34),(493,'AR5T4YC1187FB5915E',493,'Feel So Stupid (Table 9)',197,61),(494,'ARPUTNP1187B9AA71B',494,'Les Chaudrons',295,21),(495,'ARK71TS1187B9902B0',495,'El Barbero',251,28),(496,'ARXGWNG1187FB503A5',496,'Goodness & Mercy',236,24),(497,'ARIRD6J1187FB5A98C',497,'Walking Dub',192,21),(498,'ARML7XL1187FB43F59',498,'Nothing To Lose',260,46),(499,'ARNQESK11F4C83FD6F',499,'Look Around featuring dead prez and Cheryl Pepsi Riley',318,42),(500,'AR12F2S1187FB56EEF',500,'Angel',335,41),(501,'ARC70XM1187FB4D5B0',501,'Broad Daylight - The BBC Sessions [Top Gear 17/3/69]',197,21),(502,'ARASJQK1187FB5B9D1',502,'Sweet Southern Comfort',212,79),(503,'AR189B91187B9B8D9C',503,'Marea De Venus',262,43),(504,'ARBTNN91187B9ADD5D',504,'Century City Rag',159,34),(505,'ARR8B8W1187B9AE0B4',505,'Rock Bottom',232,59),(506,'AR1BA6K1187B9A5656',506,'The Sweetest Sounds',180,26),(507,'ARPGPI81187B98AEEA',507,'Turbocharger',235,23),(508,'AR1ZKBE1187FB53629',508,'Computer Love (2009 Digital Remaster)',399,36),(509,'AR2S4CA1187B99632E',509,'Great Big Problem',264,26),(510,'AR5GMAV1187FB3A8F5',510,'Tyre',71,61),(511,'ARO3SS31187FB3729C',511,'Let\'s Blame The Lightman',189,47),(512,'AR190KO1187B9905EC',512,'Master Of The Universe',212,67),(513,'AR20CFC1187B98A25D',513,'Let\'s Go',160,43),(514,'AR26XQ61187FB36CF3',514,'Gina',165,37),(515,'AR7CCS31187B98C531',515,'Sedona Suite (Sunrise/Prayer/Joy/Sunset)',743,26),(516,'ARL3VGT1187FB40E8E',516,'El Mensaje Soy Yo',171,43),(517,'ARKQN8X1187B99221C',517,'Not Homophobic/The Word Is \"Cock\" (Spoken Word) (Album Version)',217,29),(518,'ARX99U51187B991481',518,'I\'ll Sweat You (LP Version)',253,26),(519,'AR6G6G01187B9B1637',519,'Fuel the Fire',222,55),(520,'ARAZCWP129462A97F1',520,'Memphis',177,59),(521,'ARZKFR51187B9AF51B',521,'Emmaus',243,26),(522,'ARJXZX41187B9B6A43',522,'Sound Clash',262,21),(523,'AR4EQ231187B99368F',523,'Vienna',231,79),(524,'AR4EVIX1187B993DE9',524,'Sete Desejos',205,47),(525,'ARDY3451187B9A0226',525,'Foggy Mountain Top',160,25),(526,'ARCYE581187B9A1482',526,'Bad Days',417,35),(527,'ARJ3VRY1187B9A3058',527,'La RevoluciA3n',261,21),(528,'ARUTS6Y1187FB5BDAB',528,'We Will Glorify (Key-B-Db-Premiere Performance Plus)',201,30),(529,'ARESVFD1187FB522E6',529,'Everyday',269,46),(530,'ARTH9041187FB43E1F',530,'Ricky Ticky Toc',171,66),(531,'ARVZDOM1187B9B49C9',531,'Come Monday',235,30),(532,'ARPB4TX1187B98DDEA',532,'Hot Dental Supplies',95,34),(533,'ARLBNAC1187FB47151',533,'DA(c)stockage massif (with Alex Gopher)',215,42),(534,'ARE815V1187B998A43',534,'Back To Burn',151,42),(535,'AR1SQSG1187B9AC782',535,'Ingenting',257,66),(536,'ARA1EK21187B9A2FB7',536,'Theme III',50,43),(537,'ARKRRTF1187B9984DA',537,'Estoy Pensando En TA',168,48),(538,'ARNDL191187FB51583',538,'Voodoo Chile Blues',528,62),(539,'ARV57NY1187FB3C1DC',539,'Sho\' Enough',240,42),(540,'ARZM53A1187B9A1AE7',540,'WHEN I AM YOU',305,51),(541,'AR1Y37Q1187B9B66D2',541,'Do It Nice',323,52),(542,'ARZS5VW1187FB567E8',542,'The Monkey King',315,48),(543,'ARGNLJL1187B9AB503',543,'Amazing (LP Version)',294,32),(544,'ARC8CQZ1187B98DECA',544,'You And Your Heart',196,91);
/*!40000 ALTER TABLE `cancion` ENABLE KEYS */;
UNLOCK TABLES;

--
-- Table structure for table `genero`
--

DROP TABLE IF EXISTS `genero`;
/*!40101 SET @saved_cs_client     = @@character_set_client */;
/*!40101 SET character_set_client = utf8 */;
CREATE TABLE `genero` (
  `id` int(11) NOT NULL AUTO_INCREMENT,
  `nombre` varchar(100) COLLATE utf8_unicode_ci NOT NULL,
  `descripcion` varchar(255) COLLATE utf8_unicode_ci DEFAULT NULL,
  PRIMARY KEY (`id`)
) ENGINE=InnoDB AUTO_INCREMENT=545 DEFAULT CHARSET=utf8 COLLATE=utf8_unicode_ci;
/*!40101 SET character_set_client = @saved_cs_client */;

--
-- Dumping data for table `genero`
--

LOCK TABLES `genero` WRITE;
/*!40000 ALTER TABLE `genero` DISABLE KEYS */;
INSERT INTO `genero` VALUES (1,'hip hop',NULL),(2,'pop punk',NULL),(3,'new wave',NULL),(4,'ccm',NULL),(5,'country rock',NULL),(6,'chill-out',NULL),(7,'hard rock',NULL),(8,'uk garage',NULL),(9,'math-core',NULL),(10,'pop rock',NULL),(11,'post-grunge',NULL),(12,'soul jazz',NULL),(13,'disco',NULL),(14,'doo-wop',NULL),(15,'noise rock',NULL),(16,'orchestra',NULL),(17,'gothic metal',NULL),(18,'ska punk',NULL),(19,'blues',NULL),(20,'modern rock',NULL),(21,'delta blues',NULL),(22,'trip hop',NULL),(23,'glam rock',NULL),(24,'brazilian jazz',NULL),(25,'gangster rap',NULL),(26,'soft rock',NULL),(27,'easy listening',NULL),(28,'dance rock',NULL),(29,'singer-songwriter',NULL),(30,'experimental rock',NULL),(31,'meditation',NULL),(32,'southern rock',NULL),(33,'punk',NULL),(34,'rock',NULL),(35,'gabba',NULL),(36,'ccm',NULL),(37,'pop rap',NULL),(38,'heavy metal',NULL),(39,'hip hop',NULL),(40,'industrial metal',NULL),(41,'freestyle',NULL),(42,'british pop',NULL),(43,'country rock',NULL),(44,'stoner metal',NULL),(45,'indie rock',NULL),(46,'rap rock',NULL),(47,'indie rock',NULL),(48,'hip hop',NULL),(49,'free jazz',NULL),(50,'gospel',NULL),(51,'blues-rock',NULL),(52,'latin jazz',NULL),(53,'tech house',NULL),(54,'hip hop',NULL),(55,'country',NULL),(56,'new jack swing',NULL),(57,'jazz funk',NULL),(58,'chanson',NULL),(59,'country rock',NULL),(60,'singer-songwriter',NULL),(61,'blues-rock',NULL),(62,'pop rap',NULL),(63,'post-grunge',NULL),(64,'singer-songwriter',NULL),(65,'gospel',NULL),(66,'lovers rock',NULL),(67,'experimental rock',NULL),(68,'dance pop',NULL),(69,'blues-rock',NULL),(70,'zouk',NULL),(71,'ccm',NULL),(72,'easy listening',NULL),(73,'black metal',NULL),(74,'grunge',NULL),(75,'alternative metal',NULL),(76,'flamenco',NULL),(77,'honky tonk',NULL),(78,'electronica',NULL),(79,'hardcore punk',NULL),(80,'pop rock',NULL),(81,'chill-out',NULL),(82,'grime',NULL),(83,'texas blues',NULL),(84,'future jazz',NULL),(85,'breakbeat',NULL),(86,'dance rock',NULL),(87,'blues-rock',NULL),(88,'dance rock',NULL),(89,'punk',NULL),(90,'folk-pop',NULL),(91,'ska',NULL),(92,'jazz fusion',NULL),(93,'alternative hip hop',NULL),(94,'chicago blues',NULL),(95,'latin jazz',NULL),(96,'stoner metal',NULL),(97,'blues-rock',NULL),(98,'techno',NULL),(99,'gangster rap',NULL),(100,'hardcore punk',NULL),(101,'gabba',NULL),(102,'rock',NULL),(103,'post-grunge',NULL),(104,'funk metal',NULL),(105,'rap',NULL),(106,'british pop',NULL),(107,'big beat',NULL),(108,'roots reggae',NULL),(109,'trip hop',NULL),(110,'hard rock',NULL),(111,'roots reggae',NULL),(112,'classic country',NULL),(113,'hip hop',NULL),(114,'post-grunge',NULL),(115,'post-hardcore',NULL),(116,'grindcore',NULL),(117,'gangster rap',NULL),(118,'blues-rock',NULL),(119,'british pop',NULL),(120,'twee pop',NULL),(121,'funky house',NULL),(122,'happy hardcore',NULL),(123,'pop punk',NULL),(124,'classic country',NULL),(125,'jazz',NULL),(126,'hip hop',NULL),(127,'chill-out',NULL),(128,'country rock',NULL),(129,'ccm',NULL),(130,'flamenco',NULL),(131,'breakbeat',NULL),(132,'blues-rock',NULL),(133,'latin jazz',NULL),(134,'instrumental rock',NULL),(135,'ballad',NULL),(136,'hip hop',NULL),(137,'nu metal',NULL),(138,'rock',NULL),(139,'blues-rock',NULL),(140,'stoner metal',NULL),(141,'screamo',NULL),(142,'hip hop',NULL),(143,'post-hardcore',NULL),(144,'doom metal',NULL),(145,'pop punk',NULL),(146,'tango',NULL),(147,'blues-rock',NULL),(148,'gangster rap',NULL),(149,'celtic punk',NULL),(150,'power electronics',NULL),(151,'disco',NULL),(152,'melodic hardcore',NULL),(153,'space age pop',NULL),(154,'jazz funk',NULL),(155,'hip house',NULL),(156,'power pop',NULL),(157,'pop folk',NULL),(158,'rock steady',NULL),(159,'power metal',NULL),(160,'zouk',NULL),(161,'rap',NULL),(162,'death metal',NULL),(163,'zouklove',NULL),(164,'dance pop',NULL),(165,'dubstep',NULL),(166,'alternative metal',NULL),(167,'funk',NULL),(168,'pop rock',NULL),(169,'miami bass',NULL),(170,'instrumental rock',NULL),(171,'surf music',NULL),(172,'country rock',NULL),(173,'freestyle',NULL),(174,'chill-out',NULL),(175,'salsa',NULL),(176,'vocal house',NULL),(177,'alternative dance',NULL),(178,'power pop',NULL),(179,'rap',NULL),(180,'alternative dance',NULL),(181,'post-grunge',NULL),(182,'blues',NULL),(183,'crunk',NULL),(184,'soft rock',NULL),(185,'hardcore punk',NULL),(186,'country rock',NULL),(187,'chicago soul',NULL),(188,'blue-eyed soul',NULL),(189,'europop',NULL),(190,'pop rock',NULL),(191,'brazilian pop music',NULL),(192,'viking metal',NULL),(193,'salsa',NULL),(194,'pop',NULL),(195,'brazilian pop music',NULL),(196,'grime',NULL),(197,'power pop',NULL),(198,'blackened death metal',NULL),(199,'blues-rock',NULL),(200,'orchestra',NULL),(201,'western swing',NULL),(202,'dark wave',NULL),(203,'new age',NULL),(204,'country rock',NULL),(205,'rumba',NULL),(206,'industrial rock',NULL),(207,'alternative rock',NULL),(208,'death core',NULL),(209,'chill-out',NULL),(210,'grunge',NULL),(211,'hip hop',NULL),(212,'reggaeton',NULL),(213,'sludge metal',NULL),(214,'hip hop',NULL),(215,'noise rock',NULL),(216,'salsa',NULL),(217,'speed metal',NULL),(218,'power pop',NULL),(219,'chamber jazz',NULL),(220,'shoegaze',NULL),(221,'heavy metal',NULL),(222,'pop punk',NULL),(223,'breakbeat',NULL),(224,'folk-pop',NULL),(225,'oi',NULL),(226,'hard rock',NULL),(227,'folk rock',NULL),(228,'underground rap',NULL),(229,'brill building pop',NULL),(230,'country rock',NULL),(231,'glam metal',NULL),(232,'dance rock',NULL),(233,'bluegrass',NULL),(234,'folk-pop',NULL),(235,'new wave',NULL),(236,'blues-rock',NULL),(237,'stoner rock',NULL),(238,'sludge metal',NULL),(239,'tech house',NULL),(240,'folk metal',NULL),(241,'post-grunge',NULL),(242,'breakcore',NULL),(243,'humppa',NULL),(244,'gypsy jazz',NULL),(245,'shock rock',NULL),(246,'parody',NULL),(247,'new wave',NULL),(248,'jazz funk',NULL),(249,'grindcore',NULL),(250,'urban folk',NULL),(251,'post-grunge',NULL),(252,'power pop',NULL),(253,'brazilian jazz',NULL),(254,'hip hop',NULL),(255,'art rock',NULL),(256,'country blues',NULL),(257,'bluegrass',NULL),(258,'gangster rap',NULL),(259,'british pop',NULL),(260,'motown',NULL),(261,'irish folk',NULL),(262,'rumba',NULL),(263,'stoner metal',NULL),(264,'opera',NULL),(265,'rock',NULL),(266,'hardcore punk',NULL),(267,'cumbia',NULL),(268,'rap',NULL),(269,'alternative metal',NULL),(270,'turnablism',NULL),(271,'electronic',NULL),(272,'blues-rock',NULL),(273,'northern soul',NULL),(274,'breakcore',NULL),(275,'dub',NULL),(276,'gangster rap',NULL),(277,'post-grunge',NULL),(278,'speedcore',NULL),(279,'honky tonk',NULL),(280,'doom metal',NULL),(281,'western swing',NULL),(282,'chanson',NULL),(283,'black metal',NULL),(284,'pop rock',NULL),(285,'dancehall',NULL),(286,'techno',NULL),(287,'blues-rock',NULL),(288,'alternative metal',NULL),(289,'blue-eyed soul',NULL),(290,'samba',NULL),(291,'smooth jazz',NULL),(292,'country gospel',NULL),(293,'ccm',NULL),(294,'blues',NULL),(295,'blues-rock',NULL),(296,'country',NULL),(297,'groove metal',NULL),(298,'country rock',NULL),(299,'jungle music',NULL),(300,'exotica',NULL),(301,'parody',NULL),(302,'dancehall',NULL),(303,'bass music',NULL),(304,'soukous',NULL),(305,'flamenco',NULL),(306,'trip hop',NULL),(307,'goregrind',NULL),(308,'blues-rock',NULL),(309,'southern gospel',NULL),(310,'post-grunge',NULL),(311,'jazz rap',NULL),(312,'hardcore punk',NULL),(313,'hip house',NULL),(314,'dance rock',NULL),(315,'los angeles',NULL),(316,'tango',NULL),(317,'reggae',NULL),(318,'bluegrass',NULL),(319,'pop rock',NULL),(320,'dance-punk',NULL),(321,'instrumental rock',NULL),(322,'black metal',NULL),(323,'alternative dance',NULL),(324,'indie rock',NULL),(325,'salsa',NULL),(326,'indie rock',NULL),(327,'hip hop',NULL),(328,'garage rock',NULL),(329,'texas blues',NULL),(330,'freakbeat',NULL),(331,'power pop',NULL),(332,'black metal',NULL),(333,'parody',NULL),(334,'religious music',NULL),(335,'brill building pop',NULL),(336,'folk rock',NULL),(337,'blues-rock',NULL),(338,'swamp rock',NULL),(339,'soul blues',NULL),(340,'chanson',NULL),(341,'dance pop',NULL),(342,'speed metal',NULL),(343,'heavy metal',NULL),(344,'ska punk',NULL),(345,'post-grunge',NULL),(346,'dance pop',NULL),(347,'chicago soul',NULL),(348,'trance',NULL),(349,'heavy metal',NULL),(350,'blues',NULL),(351,'chanson',NULL),(352,'southern rock',NULL),(353,'chill-out',NULL),(354,'latin jazz',NULL),(355,'hip hop',NULL),(356,'hip hop',NULL),(357,'progressive house',NULL),(358,'cumbia',NULL),(359,'hard bop',NULL),(360,'new wave',NULL),(361,'chicago blues',NULL),(362,'heavy metal',NULL),(363,'lovers rock',NULL),(364,'heavy metal',NULL),(365,'gangster rap',NULL),(366,'post-grunge',NULL),(367,'pop rock',NULL),(368,'soft rock',NULL),(369,'post-grunge',NULL),(370,'ska punk',NULL),(371,'pop rock',NULL),(372,'dancehall',NULL),(373,'vocal jazz',NULL),(374,'blues-rock',NULL),(375,'urban',NULL),(376,'bluegrass',NULL),(377,'latin jazz',NULL),(378,'congo',NULL),(379,'pop punk',NULL),(380,'post-grunge',NULL),(381,'future jazz',NULL),(382,'harmonica blues',NULL),(383,'hardcore punk',NULL),(384,'ccm',NULL),(385,'dancehall',NULL),(386,'chanson',NULL),(387,'reggae',NULL),(388,'ccm',NULL),(389,'chamber jazz',NULL),(390,'soukous',NULL),(391,'rap rock',NULL),(392,'blues-rock',NULL),(393,'hip hop',NULL),(394,'zydeco',NULL),(395,'blues-rock',NULL),(396,'chanson',NULL),(397,'indie rock',NULL),(398,'grunge',NULL),(399,'chamber pop',NULL),(400,'early music',NULL),(401,'alternative rock',NULL),(402,'grunge',NULL),(403,'ccm',NULL),(404,'ballad',NULL),(405,'post-grunge',NULL),(406,'german pop',NULL),(407,'bhangra',NULL),(408,'smooth jazz',NULL),(409,'gangster rap',NULL),(410,'roots reggae',NULL),(411,'dancehall',NULL),(412,'techno',NULL),(413,'rockabilly',NULL),(414,'hardcore punk',NULL),(415,'soul jazz',NULL),(416,'ska punk',NULL),(417,'gangster rap',NULL),(418,'chanson',NULL),(419,'country rock',NULL),(420,'jazz rap',NULL),(421,'alternative rock',NULL),(422,'stoner metal',NULL),(423,'grunge',NULL),(424,'hard trance',NULL),(425,'tech house',NULL),(426,'alternative rock',NULL),(427,'blues-rock',NULL),(428,'singer-songwriter',NULL),(429,'salsa',NULL),(430,'twee pop',NULL),(431,'gangster rap',NULL),(432,'eurodance',NULL),(433,'reggae',NULL),(434,'indie rock',NULL),(435,'blues-rock',NULL),(436,'glam rock',NULL),(437,'urban folk',NULL),(438,'gothic rock',NULL),(439,'dance rock',NULL),(440,'jazz funk',NULL),(441,'blues-rock',NULL),(442,'christian metal',NULL),(443,'post-hardcore',NULL),(444,'tech house',NULL),(445,'celtic',NULL),(446,'all-female',NULL),(447,'electronic',NULL),(448,'smooth jazz',NULL),(449,'teen pop',NULL),(450,'british invasion',NULL),(451,'latin jazz',NULL),(452,'country rock',NULL),(453,'louisiana blues',NULL),(454,'hard trance',NULL),(455,'jazz funk',NULL),(456,'cumbia',NULL),(457,'congo',NULL),(458,'brazilian pop music',NULL),(459,'space age pop',NULL),(460,'blues-rock',NULL),(461,'folk-pop',NULL),(462,'stand-up comedy',NULL),(463,'garage rock',NULL),(464,'chinese music',NULL),(465,'pop rock',NULL),(466,'alternative dance',NULL),(467,'chill-out',NULL),(468,'pop',NULL),(469,'celtic rock',NULL),(470,'singer-songwriter',NULL),(471,'blues-rock',NULL),(472,'hip hop',NULL),(473,'country rock',NULL),(474,'instrumental pop',NULL),(475,'rapcore',NULL),(476,'trip hop',NULL),(477,'j pop',NULL),(478,'broken beat',NULL),(479,'garage rock',NULL),(480,'reggaeton',NULL),(481,'blues-rock',NULL),(482,'hard rock',NULL),(483,'country blues',NULL),(484,'irish folk',NULL),(485,'country gospel',NULL),(486,'post-grunge',NULL),(487,'flamenco',NULL),(488,'samba',NULL),(489,'blues-rock',NULL),(490,'country blues',NULL),(491,'ranchera',NULL),(492,'country rock',NULL),(493,'nu metal',NULL),(494,'jazz',NULL),(495,'gaita',NULL),(496,'dancehall',NULL),(497,'roots reggae',NULL),(498,'rap rock',NULL),(499,'grime',NULL),(500,'blues-rock',NULL),(501,'blues-rock',NULL),(502,'bluegrass',NULL),(503,'electronica',NULL),(504,'garage rock',NULL),(505,'tech house',NULL),(506,'vocal jazz',NULL),(507,'industrial rock',NULL),(508,'electronic',NULL),(509,'ccm',NULL),(510,'motown',NULL),(511,'comedy rock',NULL),(512,'post-grunge',NULL),(513,'blues',NULL),(514,'post-grunge',NULL),(515,'meditation',NULL),(516,'ska',NULL),(517,'comedy',NULL),(518,'dubstep',NULL),(519,'post-hardcore',NULL),(520,'reggae',NULL),(521,'southern gospel',NULL),(522,'jazz rap',NULL),(523,'piano rock',NULL),(524,'brazilian pop music',NULL),(525,'country rock',NULL),(526,'progressive house',NULL),(527,'chicago blues',NULL),(528,'ccm',NULL),(529,'alternative rock',NULL),(530,'hip hop',NULL),(531,'soft rock',NULL),(532,'comedy',NULL),(533,'deep house',NULL),(534,'hip hop',NULL),(535,'post-grunge',NULL),(536,'doom metal',NULL),(537,'salsa',NULL),(538,'blues-rock',NULL),(539,'electric blues',NULL),(540,'industrial dance',NULL),(541,'experimental rock',NULL),(542,'progressive house',NULL),(543,'ccm',NULL),(544,'rock',NULL);
/*!40000 ALTER TABLE `genero` ENABLE KEYS */;
UNLOCK TABLES;
/*!40103 SET TIME_ZONE=@OLD_TIME_ZONE */;

/*!40101 SET SQL_MODE=@OLD_SQL_MODE */;
/*!40014 SET FOREIGN_KEY_CHECKS=@OLD_FOREIGN_KEY_CHECKS */;
/*!40014 SET UNIQUE_CHECKS=@OLD_UNIQUE_CHECKS */;
/*!40101 SET CHARACTER_SET_CLIENT=@OLD_CHARACTER_SET_CLIENT */;
/*!40101 SET CHARACTER_SET_RESULTS=@OLD_CHARACTER_SET_RESULTS */;
/*!40101 SET COLLATION_CONNECTION=@OLD_COLLATION_CONNECTION */;
/*!40111 SET SQL_NOTES=@OLD_SQL_NOTES */;

-- Dump completed on 2018-11-18 22:54:48
