-- MySQL dump 10.13  Distrib 5.7.24, for Win64 (x86_64)
--
-- Host: localhost    Database: symfony
-- ------------------------------------------------------
-- Server version	5.7.24

/*!40101 SET @OLD_CHARACTER_SET_CLIENT=@@CHARACTER_SET_CLIENT */;
/*!40101 SET @OLD_CHARACTER_SET_RESULTS=@@CHARACTER_SET_RESULTS */;
/*!40101 SET @OLD_COLLATION_CONNECTION=@@COLLATION_CONNECTION */;
/*!40101 SET NAMES utf8 */;
/*!40103 SET @OLD_TIME_ZONE=@@TIME_ZONE */;
/*!40103 SET TIME_ZONE='+00:00' */;
/*!40014 SET @OLD_UNIQUE_CHECKS=@@UNIQUE_CHECKS, UNIQUE_CHECKS=0 */;
/*!40014 SET @OLD_FOREIGN_KEY_CHECKS=@@FOREIGN_KEY_CHECKS, FOREIGN_KEY_CHECKS=0 */;
/*!40101 SET @OLD_SQL_MODE=@@SQL_MODE, SQL_MODE='NO_AUTO_VALUE_ON_ZERO' */;
/*!40111 SET @OLD_SQL_NOTES=@@SQL_NOTES, SQL_NOTES=0 */;

--
-- Current Database: `symfony`
--

CREATE DATABASE /*!32312 IF NOT EXISTS*/ `symfony` /*!40100 DEFAULT CHARACTER SET latin1 */;

USE `symfony`;

--
-- Table structure for table `autor`
--

DROP TABLE IF EXISTS `autor`;
/*!40101 SET @saved_cs_client     = @@character_set_client */;
/*!40101 SET character_set_client = utf8 */;
CREATE TABLE `autor` (
  `id` varchar(255) COLLATE utf8_unicode_ci NOT NULL,
  `nombre` varchar(255) COLLATE utf8_unicode_ci NOT NULL,
  `apellidos` varchar(255) COLLATE utf8_unicode_ci NOT NULL,
  `fecha_nacimiento` date NOT NULL,
  `rating` int(11) NOT NULL,
  PRIMARY KEY (`id`)
) ENGINE=InnoDB DEFAULT CHARSET=utf8 COLLATE=utf8_unicode_ci;
/*!40101 SET character_set_client = @saved_cs_client */;

--
-- Dumping data for table `autor`
--

LOCK TABLES `autor` WRITE;
/*!40000 ALTER TABLE `autor` DISABLE KEYS */;
INSERT INTO `autor` VALUES ('AR02YGA1187B9B8AC4','Bersuit','Vergarabat','2010-05-19',43),('AR035N21187FB3938E','BT',' ','1984-05-18',51),('AR03BDP1187FB5B324','Britney','Spears','1999-02-26',63),('AR05OJD1187B9B99A6','Ol\'','Dirty Bastard','1976-07-21',46),('AR05VW21187FB407B4','Fudge','Tunnel','2013-07-22',35),('AR0693R1187FB59D32','Dusminguet',' ','1977-08-11',37),('AR06EB01187FB40150','NOFX',' ','2006-07-28',55),('AR06USW1187FB4EACA','The','Lord Weird Slough Feg','2011-12-12',42),('AR0B1CH1187FB3A824','Charlie','Rich','1987-06-12',44),('AR0BV7E1187FB386C1','Lee','Ritenour / Jeff Mironov','1988-07-30',14),('AR0CANF1187B9AF35F','Dilated','Peoples','1996-01-24',45),('AR0CDSK1187FB52ED6','Asleep','At The Wheel','1995-03-02',46),('AR0I2BV1187FB3D89F','Enslavement','Of Beauty','1992-04-27',35),('AR0IAWL1187B9A96D0','Danilo','Perez','1972-06-19',32),('AR0IVSA1187FB4F069','Helmet',' ','1993-04-19',49),('AR0LVFQ1187B9A84E0','Jason','Miles','2018-01-23',37),('AR0N0DX1187FB41327','The','Master Musicians of Jajouka featuring Bachir Attar','2011-04-13',44),('AR0S7TA1187FB4D024','Christina','Aguilera','2018-06-11',73),('AR0WCZW1187B99F592','Tommy','Torres','1986-08-27',41),('AR0WV4Y1187B99B806','Rhian','Benson','1980-04-07',38),('AR0WXWU1187B9AB33F','The','Red Telephone','1989-04-03',18),('AR0X3JJ1187FB3A9A7','Hank','Locklin','2005-03-18',37),('AR0XSOO1187B9B9E88','Buzzcocks',' ','1978-06-28',52),('AR10USD1187B99F3F1','Silverstein',' ','2017-01-19',60),('AR11NP91187B9901B4','The','Roches','2001-10-09',37),('AR12EOE1187FB3AE26','The','Pineapple Thief','1987-07-13',48),('AR12F2S1187FB56EEF','Aerosmith',' ','1994-03-02',61),('AR189B91187B9B8D9C','Cerati-Melero',' ','1996-12-01',42),('AR190KO1187B9905EC','Sick','Puppies','1984-03-14',67),('AR199MY1187B9B731E','Madilu','System','2004-07-30',29),('AR19GQN1187FB3ACF5','The','Bucketheads','2017-11-11',34),('AR19SOA1187B98F6E6','Bob','Neuwirth','1971-04-21',30),('AR1ABAO1187FB531E1','Alice','Cooper','2013-05-29',60),('AR1BA6K1187B9A5656','Helen','O\'Connell','1983-12-19',30),('AR1DLF21187FB3CBF0','4Him',' ','1970-05-12',44),('AR1DR0E1187FB48F61','Kathy','Mattea','2012-05-17',42),('AR1GNFR1187B9AD1FD','The','Exies','2011-08-03',45),('AR1GYND1187B9A9CD3','Diesel','Boy','1991-10-15',37),('AR1JD6E1187FB5696C','James','Last','1977-01-26',38),('AR1JGQT1187FB56878','Jo-El','Sonnier','1970-10-27',32),('AR1LQNB1187B9A6AE5','La','Portuaria','1976-03-04',30),('AR1NT3H1187B99F67B','Skrape',' ','1982-01-03',36),('AR1OBRC1187FB59AD4','Behemoth',' ','1986-10-26',55),('AR1PCLK1187FB5BBFF','Angelo','Badalamenti','1993-08-03',39),('AR1QXAQ1187FB47FAC','Sticky','Fingaz','1980-01-30',40),('AR1RHCO1187B9AF0BF','Vince','Guaraldi / Bola Sete','1986-02-01',41),('AR1SQSG1187B9AC782','Kent',' ','2011-08-31',48),('AR1VWD91187FB4CE99','The','Animals_ Sonny Boy Williamson','2008-12-31',48),('AR1Y2PT1187FB5B9CE','John','Wesley','2006-04-28',45),('AR1Y37Q1187B9B66D2','Suicide',' ','2005-02-22',39),('AR1ZKBE1187FB53629','Kraftwerk',' ','1975-11-15',52),('AR1ZYLH1187B98C159','Naughty','By Nature;Naughty By Nature featuring Zhane','1986-10-29',45),('AR202MX1187B9B0383','Tanto','Metro & Devonte','2006-06-09',33),('AR20CFC1187B98A25D','Ray','Charles','1974-06-18',67),('AR21YNH1187FB49649','Ms.','Dynamite','1995-05-24',38),('AR223M11187B9ADDD6','Marty','Robbins','1972-10-29',47),('AR22KLC1187B98E812','Kaija','Koo','1984-02-11',37),('AR22R8A1187FB46B9E','Shanadoo',' ','1996-06-17',33),('AR23SSG1187FB3AC75','Rainie','Yang','1978-12-12',37),('AR243ZT1187B9A98D2','Otis','Spann','1974-10-22',36),('AR261YW1187FB374B3','Warrant',' ','2012-07-24',48),('AR26XQ61187FB36CF3','Geggy','Tah','1999-08-14',33),('AR2CM6U1187B999EB7','Basic','Channel','1977-07-21',36),('AR2J2WF1187FB46271','Francis','Dunnery','1991-07-27',38),('AR2P71H1187B9B8C00','Kool','Savas','2009-10-01',44),('AR2S4CA1187B99632E','FFH',' ','1982-02-02',46),('AR2SGQW1187B9B9E7C','KRS-One',' ','1970-03-23',52),('AR2XI6G1187B9AE7DA','Fat','Joe','1980-10-05',57),('AR31G891187FB3892D','Laid','Back','1984-08-13',42),('AR326OO1187FB444FF','Rebecca','Lynn Howard','2016-01-14',43),('AR32ETX1187B9A792F','The','Vaughan Brothers;Stevie Ray Vaughan;Jimmy Vaughan','2006-10-19',36),('AR3752L1187FB4B67E','The','Real Kids','2005-02-20',34),('AR3793X1187FB50CB3','Chris','Rea','2010-06-20',50),('AR37E341187B989A3E','Wilshire',' ','1978-12-07',29),('AR37ILI1187B98E27B','Shriekback',' ','2002-01-01',37),('AR3KXHI1187FB3A8BF','Dora','The Explorer','1998-09-02',41),('AR3P1NA1187FB44B9E','Ben','Watt feat. Estelle','2000-09-15',38),('AR3PN3R1187FB4CEBD','Horace','Andy','2015-11-20',37),('AR3Q48J1187FB55278','The','Rapture','2008-07-11',51),('AR3SEQM1187B98E9E8','Kix',' ','1987-01-23',42),('AR3TG3X1187FB4D577','Atari','Teenage Riot','1980-07-18',44),('AR3THYK1187B999F1F','JoAPSo','Gilberto','2009-10-28',47),('AR46CAD1187FB4D84B','Bad','Religion','1994-01-21',61),('AR47JEX1187B995D81','SUE','THOMPSON','1990-01-27',30),('AR4CH531187FB4EA21','Abysmal','Dawn','2012-02-29',40),('AR4EQ231187B99368F','The','Fray','1987-01-24',66),('AR4EVIX1187B993DE9','Alceu','ValenASSa','1995-02-04',36),('AR4FGSF1187FB528BE','Mat','Kearney','1989-02-23',54),('AR4IYQR1187B98F8F3','Off','Broadway','1987-01-31',34),('AR4JY8V1187B98A62F','Ann','Hampton Callaway','2007-03-27',37),('AR4K59J1187FB3759B','Soular',' ','1991-08-11',27),('AR4M1KM1187B9AC7E2','Phil','Spector','1978-09-08',38),('AR4OMY81187B9B31E7','Cursed',' ','2011-01-27',40),('AR4PCIG1187B98D07D','Ellen','McIlwaine','1999-08-05',32),('AR4Q1VD1187B9893C7','Mulberry','Lane','1973-07-10',34),('AR4R1FL1187FB55C3B','Death','From Above 1979','1991-03-14',46),('AR4TLW81187B99683D','Martin','Sexton','1978-02-27',44),('AR558FS1187FB45658','40','Grit','1970-10-19',33),('AR567PN1187FB4B4F2','Moss',' ','1980-10-27',38),('AR56P361187B9AC4DB','Gary','Moore','1974-07-23',46),('AR58SJE1187B9A8E4C','J.','B. Lenoir','1991-03-03',35),('AR5BLB01187FB57E99','Headliners',' ','1976-08-17',32),('AR5BX3Y1187FB39E93','Slightly','Stoopid','1994-04-10',48),('AR5GMAV1187FB3A8F5','Chris','Clark','1983-10-05',39),('AR5J8XN1187B9B712E','Extreme',' ','2010-04-17',49),('AR5KOSW1187FB35FF4','Elena',' ','2002-05-15',37),('AR5LZJD1187FB4C5E5','Britt','Nicole','1978-09-17',54),('AR5MK521187B98E0B8','Heaven','17','2008-12-09',46),('AR5OB9M1187FB52F29','Darryl','Worley','1976-01-29',51),('AR5T4YC1187FB5915E','Darwin\'s','Waiting Room','1982-01-23',33),('AR5U94U1187FB5CDCF','John','Hammond','2012-04-24',45),('AR5WPYF1187B9B40DA','VHS','Or Beta','1984-04-04',42),('AR5ZJLK1187B9B3A8E','John','D. Loudermilk','2001-10-29',28),('AR62SOJ1187FB47BB5','Chase','& Status','1983-08-11',39),('AR633SY1187B9AC3B9','Weezer',' ','2007-03-16',77),('AR65K7A1187FB4DAA4','BeyoncA(c)',' ','2001-07-08',61),('AR6892W1187B9AC71B','Placebo',' ','1983-11-15',58),('AR695PK1187B996E35','Jeremy','Spencer','2013-02-17',20),('AR6AGJV1187FB504BA','Kitaro',' ','2012-05-24',45),('AR6C6VO1187FB4E267','Tora','Tora','1987-02-21',36),('AR6C8EJ1187FB3F473','Nelson','Ned','1988-07-16',32),('AR6CLFP1187B9ACB94','Daniel','Johnston','1995-07-20',47),('AR6F6I21187FB5A3AA','Aesop','Rock','1988-12-05',47),('AR6G4V01187B9AD086','Queens','Of The Stone Age','1984-04-08',55),('AR6G6G01187B9B1637','Unearth',' ','2001-09-11',48),('AR6GJDZ1187B991E46','KALIMBA',' ','1982-08-30',43),('AR6IJ6U1187B99FC7C','Alberto','Cortez','1986-09-09',32),('AR6J3X81187FB59A7B','Matisyahu',' ','1993-06-14',63),('AR6PJ8R1187FB5AD70','Shakira','Featuring Wyclef Jean','1980-12-27',68),('AR6W5MS1187FB3BF47','Little','Feat','2004-03-31',47),('AR6XPWV1187B9ADAEB','Foo','Fighters','1981-09-21',55),('AR72Q9R1187B98A664','Hatiras','& Slarta John','1978-06-05',38),('AR7BMMV1187FB5B2D7','Robben','Ford','1978-10-29',38),('AR7CCS31187B98C531','Tom','Barabas','2007-06-28',39),('AR7GUNF1187B990CCF','Between','The Buried And Me','1979-05-21',54),('AR7KQQ91187B98ED7A','Lollipop','Lust Kill','2016-11-04',38),('AR7LN7G1187FB395BB','Les','Bantous De La Capitale','1986-08-23',27),('AR7OCK81187B98D1F1','Debbie','Davies','1987-04-24',34),('AR7SMBG1187B9B9066','Los','Manolos','1990-01-23',32),('AR7TTCH1187FB3F95C','Leon','Russell','1983-06-26',44),('AR7TTS41187B9B42D3','R.L.','Burnside','2000-07-29',46),('AR7UOUK1187B99078C','Terry','Snyder','1975-07-31',32),('AR7V0DI1187FB524DE','Frankee',' ','2017-01-22',37),('AR7V3VQ1187B9A08AA','At','All Cost','1992-03-22',32),('AR7WGYZ1187FB3CAB0','Wang','Chung','1983-02-03',44),('AR7Y6JX1187FB4D9B3','Bad','Brains','1973-08-20',55),('AR7ZI7Z1187B98BF55','Mago','de Oz','1988-03-22',53),('AR7ZKHQ1187B98DD73','Glad',' ','2009-11-21',37),('AR828WL1187FB47E81','M',' ','2003-10-01',38),('AR82DJK1187B991107','The','Pharcyde / Big Boy / Schmooche Cat / Randy Mack','2003-06-19',49),('AR82GTS1187FB5662F','Mary','Black','1973-12-18',37),('AR858UO1187FB437B4','Precious','Bryant','2018-08-13',32),('AR87K371187FB5AA8E','Uriah','Heep','1997-04-10',47),('AR89DTT1187B9A7ED5','Suzanne','Ciani','1989-10-11',38),('AR8JSAL1187FB3CE7E','JDS',' ','1989-05-12',44),('AR8LMZM1187B9A8160','Brooke','Valentine','1995-04-13',35),('AR8PL5L1187FB37A10','A','Perfect Murder','1985-07-03',39),('AR8SRQ31187FB4D477','Ten','Years After','1976-08-03',46),('AR8TCLH1187B9A85E4','Piero','Umiliani','2017-02-02',38),('AR8U8G41187B9A833B','Tim','Exile','2000-09-06',30),('AR8V1WA1187B9AD9E9','The','White Stripes','1989-06-03',65),('AR8W2DS1187B9B6E36','Alex','Theory','1992-06-29',31),('AR8ZCNI1187B9A069B','Planet','P Project','2006-06-10',33),('AR8ZQ9T1187FB56FE5','Goldfinger',' ','1986-02-06',52),('AR93D4D1187FB3ACAD','J.J.','Cale','2002-04-22',43),('AR93RTI1187B98ECFB','Mance','Lipscomb','1992-03-16',33),('AR95QS71187FB3F49A','Joi',' ','2010-01-24',36),('AR9788H1187B9A05D1','Outerspace',' ','2004-12-09',37),('AR9A5TK1187B9AD07F','fIREHOSE',' ','2011-09-15',38),('AR9AM2N1187B9AD2F1','Inspiral','Carpets','2002-08-01',39),('AR9EZGO1187B9A401F','Jan','Howard','1994-11-14',25),('AR9ILJF1187B9B80ED','Gabriel','Yared','1972-12-22',39),('AR9KWJK1187FB4A531','Willie','Rosario','2013-01-24',33),('AR9ODB41187FB459B2','Organized','Konfusion','1996-06-08',41),('AR9ST641187B99B4DE','Cal','Tjader','2016-12-21',36),('AR9W3X91187FB3994C','Phil','Collins','1997-07-12',57),('AR9XDAA1187B99768F','Lara','& Reyes','1992-10-19',35),('AR9XEVF1187B99D017','Borialis',' ','1984-03-12',42),('AR9YWMS1187FB43A34','Dinosaur','Jr','1995-04-17',55),('ARA1EK21187B9A2FB7','Silent','Stream Of Godless Elegy','2007-12-12',36),('ARA3I0J1187FB57869','Blink-182',' ','2008-11-30',58),('ARA3VJJ1187FB3F5A6','Shelby','Lynne','2005-11-08',54),('ARA6BH81187B98F3AF','Modeselektor',' ','2008-06-09',39),('ARA7WV51187FB532B0','GG','Allin','1979-03-15',38),('ARA82JG1187FB36131','Charlie','Haden & Chris Anderson','2003-04-18',37),('ARA8O8L1187B9AD61D','Professor','Longhair','1977-01-20',40),('ARABTW91187FB3A73B','David','Summers','1983-08-03',34),('ARADF5Q1187B98DAE7','Francisco','CA(c)spedes','2011-03-10',34),('ARAFRFP1187FB4230B','Williamson',' ','1982-05-02',32),('ARAHQDS1187FB55275','Maysa',' ','2013-12-18',40),('ARAIABB1187B9AC6E2','Seal',' ','1982-04-03',58),('ARAJPHH1187FB5566A','The','Shangri-Las','1975-12-26',41),('ARAMCAZ1187B9AB6F5','Afrob','feat. Sarah','1995-01-19',36),('ARANOZN1187B9B373E','Descendents',' ','1989-05-30',47),('ARAPH9U1187B9B34F0','Randy','Travis','1997-05-07',54),('ARASJQK1187FB5B9D1','Buddy','Jewell','1981-03-19',41),('ARASYMJ1187B9ACAF2','Whitesnake',' ','1985-11-03',53),('ARAZ59E1187B98BF6D','Webb','Wilder','1981-05-31',22),('ARAZCWP129462A97F1','Bob','Marley','1987-11-03',57),('ARB06Z71187B99049A','Seamus','Egan','2013-03-13',32),('ARB29H41187B98F0EF','Terry','Callier','1981-12-07',41),('ARB336A1187B9A4583','MC5',' ','2005-12-27',45),('ARB5TJM1187B9A71FD','Finntroll',' ','2008-11-07',42),('ARBB58Y1187B9B621B','Bill','& Gloria Gaither','1974-08-06',33),('ARBD4QW1187FB42153','Scar','Symmetry','1978-08-25',45),('ARBHBE91187B9A1F58','Jonny','Lang','1976-03-16',48),('ARBJSO81187B9BA09B','Soda','Stereo','1975-01-31',46),('ARBM57Q1187B9AF97C','James','Horner','1997-03-04',49),('ARBQBZV1187B99D29E','Carl','Cox Vs Yousef','1998-08-12',38),('ARBQPXY1187B98D67B','Kris','Kristofferson','1972-02-11',49),('ARBTD2Y1187B9B3EA5','Lincoln','Center Jazz Orchestra','1977-06-11',30),('ARBTNN91187B9ADD5D','The','Last','2013-06-30',32),('ARBUHDB1187FB3E72C','Bobby','Vee','1981-07-23',39),('ARBXBQR1187FB56FA5','Bill','Douglas','1977-03-28',34),('ARBZAIL1187FB5B1C8','Bob','Margolin','1980-02-23',32),('ARC0MTS1187FB44C21','Toots','Thielemans','1971-05-29',43),('ARC43071187B990240','Wayne','Watson','1998-07-31',35),('ARC5Q0L1187B98D463','Enter','the Haggis','1978-10-20',40),('ARC6J781187B98F02B','Tania','Maria','2000-07-13',39),('ARC6UC81187B989062','Hem',' ','2008-05-30',45),('ARC70XM1187FB4D5B0','Free',' ','1999-06-11',46),('ARC8CQZ1187B98DECA','Jack','Johnson','1990-05-27',67),('ARCCRTI11F4C845308','White','Heart','1996-06-10',33),('ARCF06I1187B995398','K-OS',' ','2014-02-28',43),('ARCFOZ71187FB43A0D','The','Dirty Skirts','2001-07-12',40),('ARCID1N1187FB51DA0','Carlos','NuA+-ez','1985-08-25',38),('ARCLCFS1187B9AE476','Laurindo','Almeida','1981-09-12',34),('ARCLFWR1187B9AE7B2','Fun','Lovin\' Criminals','1985-10-02',48),('ARCP8YG1187B997D72','Claire','Hamill','1983-07-27',35),('ARCP94M1187B9B0F56','Every','Time I Die','1997-01-09',56),('ARCRR5X1187FB3BD4A','Elva','Hsiao','1986-10-23',37),('ARCT5P61187FB3D950','The','Impressions','2001-04-20',41),('ARCYE581187B9A1482','Timo','Maas','2012-09-09',39),('ARCYJTW11F4C840F74','Orchids',' ','2007-02-09',38),('ARCZ20M1187FB49687','Tony','Joe White','1981-07-31',40),('ARD2NDU1187B99B615','Dropkick','Murphys','1977-08-27',56),('ARD39VZ1187B9B9A57','Lloyd','Banks','1986-02-26',60),('ARD3LXU1187B9ABFC5','Sex','Pistols','1997-11-27',54),('ARD5K161187B9AC784','Orbital',' ','2009-10-15',49),('ARD7TVE1187B99BFB1','Casual',' ','1994-02-12',40),('ARD842G1187B997376','Blue','Rodeo','2005-07-18',44),('ARDD9UN1187B98D3A7','Sonny','Simmons','1985-10-04',31),('ARDDWUI1187FB379F7','Amoral',' ','1995-09-18',41),('ARDEC2A1187B9A460E','Chimaira',' ','1990-06-20',47),('ARDG9Z71187B997023','Public','Image Ltd','1978-10-06',41),('ARDGB6U1187FB3AD07','Eurythmics',' ','1997-11-30',52),('ARDGBFI1269FCD6AA6','The','Grease Band','1995-11-15',19),('ARDI88R1187B98DAB2','Foxy','Brown','2014-02-12',40),('ARDIBRT1187B9AF176','Led','Zeppelin','1997-12-07',63),('ARDIP5S1187FB57056','Diamond','D','1986-08-25',38),('ARDL38Z1187B9B9FB5','Dntel',' ','2004-12-07',47),('ARDM8331187B9B947E','Pedro','Aznar','1996-12-31',43),('ARDNW1B1187FB4ABBB','ChA(c)co','Feliciano And Joe King','1972-03-11',34),('ARDOOH01187B991055','Ultraviolence',' ','2017-10-07',37),('ARDPTGD1187B9AD361','Brand','X','1975-12-02',36),('ARDQ62L1187FB56FF0','Blue','October','2017-05-24',49),('ARDQO721187FB3C6D9','Rodney','O & Joe Cooley','1985-01-17',30),('ARDSWIE1187FB39056','Gang','Starr Featuring Jeru The Damaja And Lil Dap','1986-10-07',49),('ARDW5AW1187FB55708','Shawn','Colvin','1982-02-03',44),('ARDY3451187B9A0226','Skeeter','Davis','1974-09-08',39),('ARE08BN1187B98FCA3','Der','Plan','1986-07-03',34),('ARE0OLY1187B9AD19F','Jesse','Malin and The St. Marks Social','1978-12-06',45),('ARE1N571187B98A47D','Prozak',' ','1997-09-27',37),('ARE815V1187B998A43','T-la','Rock','2015-08-29',29),('ARE8GLF1187FB52532','Red','Hot Chili Peppers','2006-02-15',57),('ARED2DG1187FB3CB4D','Tantric',' ','1971-01-11',46),('AREEMIN11F4C848971','Gil','Semedo','2002-09-13',38),('AREGV3K1187B9AF614','MAPtley','CrA1/4e','1978-02-09',50),('AREHK7O1187B9ADDD7','The','Cardigans','2010-10-23',52),('AREJO121187B995676','Taint',' ','2000-07-30',34),('AREKO1L1187B997EFE','The','Radio Dept.','1997-07-18',51),('ARENU9O1187B993B5E','Cool','For August','1985-07-17',33),('AREP8KM1187B9A3A7B','Jackson','United','1995-03-14',31),('AREPD8D1187FB3F5BC','Sister','Hazel','1978-10-28',50),('ARESVFD1187FB522E6','Rikk','Agnew','2015-02-07',32),('ARETCTY1187FB4C033','LORE',' ','1971-11-19',39),('AREUYDJ1187B9BA040','Krystof',' ','1999-12-17',37),('AREV2491187B9B017E','Mobb','Deep','2016-07-20',50),('AREVWGE1187B9B890A','Bitter','End','1972-02-10',44),('AREY3RN1187B993C5F','Goatwhore',' ','2018-02-24',42),('ARF0COO1187B99B9EF','Cauterize',' ','2012-08-22',41),('ARF1E421187B9AF8C4','El','Gran Silencio','2016-07-20',37),('ARF1PSM1187B9B802A','Sugarbomb',' ','1982-10-18',35),('ARF2EHS1187B994F4E','Kings','Of Leon','1978-12-24',78),('ARF3GX71187FB3EB66','Martina','McBride','1993-04-20',62),('ARF3HEO1187B9AF2F4','Donnie','McClurkin','1997-10-01',48),('ARF3L8J1187B9B7866','Astarte',' ','2004-09-22',35),('ARF6ZTO1187FB3684F','Story','Of The Year','2001-07-07',58),('ARF84A41187B9A34E7','Rancid',' ','1975-06-12',54),('ARF9EI11187B9AB66C','9th','Wonder featuring Defcon_ Phonte','1979-05-14',43),('ARFCOGY1187FB454B4','The','Winans','1986-01-24',34),('ARFCUN31187B9AD578','The','Rolling Stones','1974-06-30',73),('ARFF1MH1187B999687','Latif',' ','2015-04-09',34),('ARFFDZU1187FB50682','Alan','Silvestri','1988-01-12',45),('ARFJD5L1187B9A30BA','Los','Van Van','1981-01-10',40),('ARFK98R1187B9B0552','Pursuit','Of Happiness','1997-11-05',37),('ARFM7OI1187B990C49','Tonic',' ','1999-03-17',52),('ARFN2TE11A348EFFB4','David','Cook','1997-08-24',53),('ARFNJ4O1187B9A204B','Broadcast',' ','2010-10-11',46),('ARFONSP11F50C4D175','Michael','Bloomfield','2002-05-11',37),('ARFVYJI1187B9B8E13','Pearl','Jam','2017-04-30',60),('ARFWL8S1187B9B4B44','CA(c)line','Dion','2006-09-22',66),('ARFY8NV1187B9B1961','Der','Moderne Man','1979-03-15',29),('ARG8DXO1187B9AF743','Less','Than Jake','2012-06-13',55),('ARG9E8O1187B99AB4F','Bury','Your Dead','2001-07-22',50),('ARGBR4I1187B99D073','Mudhoney',' ','1998-03-30',47),('ARGEKDX1187FB3A5BF','Marcus','Miller','2001-03-07',41),('ARGEZ5E1187FB56F38','Audio','Adrenaline','1978-03-14',51),('ARGFVP41187B99296B','Max','Melvin','1998-11-20',34),('ARGGD1E1187B98FA9D','Parachute','Band','2015-04-21',44),('ARGIABO1187FB4B3B5','Ronnie','Milsap','1983-04-25',49),('ARGIWFO1187B9B55B7','Five','Bolt Main','1988-03-30',36),('ARGMGHN1187B9B4213','Gym','Class Heroes','2016-02-06',56),('ARGMRRK1187FB5BE1F','Dean','Elliott And His Big Band','1997-09-10',32),('ARGMXQW1187FB54C34','Eliane','Elias','1978-08-03',42),('ARGNLJL1187B9AB503','Point','Of Grace','1994-11-27',53),('ARGO67V1187B9968D2','Saosin',' ','2005-02-25',56),('ARGREXL1187FB3FC9B','Coven',' ','2012-08-14',37),('ARGVJPK1187B9909EA','Josh','Groban','2003-07-21',75),('ARGWFMR1187B98D0E7','CA3mplices',' ','1977-06-21',34),('ARGWIHH1187B9A79B0','Test','Icicles','1986-06-30',37),('ARGY9FW1187B991C7D','Information','Society','2001-02-28',43),('ARH09RT1187FB4A843','OV7',' ','2017-09-13',43),('ARH0NCL1187B99B41A','Quadro','Nuevo','2002-03-05',40),('ARH3S5S1187FB4F76B','Nirvana',' ','2002-06-10',66),('ARH6VQG1187B9BA0FA','Photo','Atlas','2006-06-17',34),('ARH6W4X1187B99274F','Radiohead',' ','1989-09-11',68),('ARH861H1187B9B799E','Johnny','Cash','2005-05-16',73),('ARH8B5X1187FB3B6C0','Skeletonwitch',' ','1986-01-15',52),('ARHBYTA1187FB3C812','Luar','Na Lubre','2017-06-05',41),('ARHD3RX1187FB3A7DA','Steel','Pulse','2007-05-29',50),('ARHEQ501187FB4F898','Fruko','Y Sus Tesos','1983-08-10',37),('ARHI20L1187FB4C997','Jeff','Beck','2008-01-13',52),('ARHNMEZ11F50C4706C','Karen','Peck And New River','2001-07-28',37),('ARHRP6Q1187FB3F016','Buzzhorn',' ','2006-01-12',37),('ARHRY5S1187B99B96F','Static-X',' ','2006-09-13',56),('ARHSYTC11F50C505F9','D\'','Militante','1997-10-08',29),('ARHY20W1187B9B8262','Steve','Erquiaga','2017-05-19',36),('ARHZCG01187B99E4DE','Stanley','Clarke','1999-02-20',46),('ARI0PUX1187FB3F215','Maxi','Priest','2015-04-16',44),('ARI3WLL1187B99182B','Soul','Embraced','2010-11-28',35),('ARI4NXX1187FB59DF2','Raze',' ','1978-08-24',40),('ARI5P4N1187FB3F44D','Suburbs',' ','2007-07-13',33),('ARI648V1187B9B5379','Michael','Stanley Band','2018-02-17',29),('ARI6OUG1187B989234','Izzy',' ','1986-05-03',34),('ARI8GY11187B988DF4','Hemdale',' ','1982-05-28',32),('ARIFTCD11F4C84086D','Tha','Chamba','1984-03-01',17),('ARIG6O41187B988BDD','Richard','Souther','2000-01-06',33),('ARIH5GU1187FB4C958','Silverchair',' ','1975-01-07',53),('ARIHI8H1187B9B0058','Jackie','Edwards','1980-06-10',35),('ARIIUJC122988F51F6','Starless','& Bible Black','2018-03-25',25),('ARIK8T31187B9A4D4F','Louis','Prima And Keely Smith','2003-08-22',39),('ARINEWW1187FB5577E','Perrey','And Kingsley','1984-04-11',33),('ARIRBO11187FB4B219','Donna','The Buffalo','2016-05-02',37),('ARIRD6J1187FB5A98C','Sugar','Minott','1974-10-12',38),('ARIUHYM1187B9AEAE4','Ultimate','Fakebook','2009-10-16',32),('ARIWB161187B9AA1D5','Simon','& Garfunkel','1993-03-12',51),('ARIXB7T1187B9AB215','Intars','Busulis','2015-05-21',33),('ARIXPDI11E90579CD5','Los','Gaiteros de San Jacinto','1976-06-15',31),('ARIYH1U1187B9AF8A3','Paulette','Tajah','2007-01-08',31),('ARJ1W5M1187FB458F3','Sweet',' ','1973-11-13',50),('ARJ3VRY1187B9A3058','Memphis','La Blusera','1972-08-06',31),('ARJ5DZC1187B99FBDA','Chariots',' ','1993-12-28',32),('ARJ7SQ31187B9AF432','Billy','Bragg & Wilco','1994-03-29',52),('ARJ7VKJ1187B98BA4B','Lifer',' ','1987-05-18',38),('ARJ8PZJ1187B99314F','Aiden',' ','1987-12-30',50),('ARJ9B1V1187FB4DD1F','Kid','Sister','1991-07-23',46),('ARJ9DSA1187B990E00','John','And The Bluesbreakers Mayall','1973-12-22',40),('ARJAVK71187B989FEF','Sonia','Dersion','2015-08-06',34),('ARJBWQI1187B9B17D1','Trivium',' ','2017-01-16',49),('ARJIWJH1187FB3F6B9','Elvin','Bishop','1982-04-03',40),('ARJJRZ41187FB4C856','Jewel',' ','1976-06-11',41),('ARJKZOP11F50C51177','Colombiafrica','- The Mystic Orchestra','2010-05-24',20),('ARJR7S11187FB36A2A','The','Forms','2007-10-02',41),('ARJV0U41187B9AB715','All','Time Low','1982-11-11',52),('ARJXULI11F4C83C865','BA(c)la','Fleck','1979-04-20',27),('ARJXZX41187B9B6A43','Dream','Warriors','1976-01-08',34),('ARK0BT61187B9ACEC2','Monster','Magnet','1982-03-25',51),('ARK2G5U1187FB46B34','Perrey','And Kingsley','2012-02-15',35),('ARK30AI1187FB3C777','Dive',' ','1981-08-26',34),('ARK71TS1187B9902B0','Gaiteros','de Pillopo','1985-04-04',13),('ARK82DC1187B9A1FEB','Gordon','Jenkins','2015-06-07',33),('ARK8EHO1187B9B71D1','Shamen',' ','2007-02-22',39),('ARK9TRQ1187B99C095','Nine','Inch Nails','1978-01-22',59),('ARKC83D1187B9AB367','Bill','& Gloria Gaither','1988-05-30',31),('ARKCYJV1187FB392E9','Set','Your Goals','1992-06-03',54),('ARKETDZ1187B9B2566','Marlene','Dietrich','2001-07-22',41),('ARKIYC51187FB4775A','Juice','Leskinen','2009-05-28',42),('ARKLA8V1187B999B68','Baroness',' ','2001-03-26',47),('ARKMIBT11F4C8430D9','The','Antlers','1994-01-13',46),('ARKQN8X1187B99221C','Joe','Rogan','1989-04-12',37),('ARKR75V1187FB3D4D5','My','Chemical Romance','1998-01-24',76),('ARKRQSV1187B99FB13','Deborah','Allen','1974-05-27',35),('ARKRRTF1187B9984DA','Sonora','Santanera','2014-06-14',34),('ARKWT6J1187B98ED50','MA3veis','Coloniais de Acaju','2016-02-21',41),('ARKYI5T1187B99334F','Janet','Paschal','2007-05-18',33),('ARKZJ301187FB521B2','Lily','Allen','1996-01-20',53),('ARL3VGT1187FB40E8E','Los','Fabulosos Cadillacs','2018-03-31',52),('ARL635X1187B990092','Charlotte','Gainsbourg','1995-09-25',52),('ARL6FF81187FB5A916','Panic','At The Disco','2009-05-27',60),('ARL6UP41187FB5C604','Facto','Delafe y las flores azules','2003-12-06',36),('ARLAWDD1187FB48367','Carlos','Vives','2015-10-14',41),('ARLBNAC1187FB47151','Etienne','de CrA(c)cyA ','2004-04-01',39),('ARLDW2Y1187B9B544F','Tommy','James & The Shondells','1985-10-07',39),('ARLDW6Z1187FB3F2A0','Abraham','Laboriel','2017-06-19',29),('ARLGIX31187B9AE9A0','R.','Kelly & Jay Z','1982-08-05',81),('ARLGWFM1187FB4AC9F','Scarlet\'s','Remains','1970-01-03',39),('ARLH4CH11C8A4173EC','Creedence','Clearwater Revived','2007-05-19',23),('ARLHEM01187B9AFF5B','Conjunto','Clasico','2014-03-05',32),('ARLR9U31187B9A71AD','The','Stooges','1979-01-24',49),('ARLSF8H1187B9A76B0','Dimmu','Borgir','1983-02-12',59),('ARLTWXK1187FB5A3F8','King','Curtis','1980-08-31',36),('ARLUAK21187B9B785A','Ziggy','Marley And The Melody Makers','2014-05-01',53),('ARLWR721187B9A03C9','T.G.','Sheppard','2004-08-12',34),('ARLZ2LD1187B9B17FD','Emilia',' ','1971-06-09',36),('ARLZ6BF1187FB3DD6A','Alain','Souchon','2011-06-10',37),('ARLZN951187FB42E49','Tad',' ','1980-05-30',39),('ARM4J201187B9B8B3B','Gustavo','A. Santaolalla','2004-04-13',40),('ARM63WJ1187B9951EA','Autumnblaze',' ','2007-03-17',35),('ARM7EDF1187B9B3FA1','Guns','N\' Roses','1990-05-28',71),('ARM9Q581187B98E984','Kinky',' ','1994-09-06',55),('ARMAC4T1187FB3FA4C','The','Dillinger Escape Plan','2004-11-02',54),('ARMB95F1187B9B5B93','Cam\'Ron','/ JR Writer','2005-03-26',51),('ARMBYRO1187FB57419','Nadine','Renee','2013-02-16',13),('ARMGJ1W1187FB53EEC','Unison',' ','2003-04-29',36),('ARML3X41187FB35F2E','Jason','Mraz','1977-08-27',79),('ARML7XL1187FB43F59','Boondox',' ','2001-03-16',46),('ARML8X41187B990644','Simple','Minds','2007-08-24',50),('ARMQHX71187B9890D3','Mastodon',' ','1987-05-10',57),('ARMR44C1187FB433D2','Penguin','CafA(c) Orchestra','2007-02-01',40),('ARMSL551187FB3F4B0','K\'s','Choice','1997-06-14',45),('ARMUC731187B9A172D','Azis',' ','1985-07-19',38),('ARMW8O71187B98CD90','AngA(c)lla','Christie','2005-02-16',29),('ARN5W1B1187B98BE10','Warrior','King','2008-09-28',41),('ARN7OQ21187FB5A6B3','Furry','Lewis','1971-06-11',36),('ARN8NCB1187FB49652','Lionel','Rogg','2015-03-10',29),('ARNBFWO1187FB4D1DD','William','Coulter','1974-06-03',33),('ARNDB1X1187B990AA0','Suicidal','Tendencies','1983-04-24',52),('ARNDBEM1187B9A2918','Turisas',' ','2017-09-05',50),('ARNDL191187FB51583','Jimi','Hendrix','2006-09-03',58),('ARNE16X1187B9B2DEE','Jimmy','Cliff','1986-09-14',46),('ARNEJAG1187FB41600','Vitamin','C','1987-11-14',39),('ARNF6401187FB57032','Sophie','B. Hawkins','2003-03-16',37),('ARNHHIV1187FB4EA23','New','Order','1982-02-23',52),('ARNIFX51187FB418EA','Xcultures',' ','2015-12-15',26),('ARNITNO1187FB555D3','Arturo','Sandoval','1994-12-24',42),('ARNJ2VR1187B989DA8','Paula','Santoro','1987-04-11',28),('ARNJVSL1187B99AFD4','2raumwohnung',' ','1997-02-28',39),('ARNLO5S1187B9B80CC','Van','Halen','1970-07-28',57),('ARNLW7H1187B99EC9D','Trick','Trick / Eminem','1989-06-02',39),('ARNMHWR11F4C83B384','Kingston','Trio','2017-04-03',29),('ARNNQ9E1187FB3C82F','Sizzla',' ','1976-11-07',45),('ARNQ7UN1187B98EE77','Novaspace',' ','1978-11-15',37),('ARNQESK11F4C83FD6F','Beatnuts','featuring dead prez and Cheryl Pepsi Riley','2001-05-25',28),('ARNR58F1187FB52FA9','BigElf',' ','2001-11-18',36),('ARNSTES1187FB4FC9B','Shinehead',' ','1981-08-26',41),('ARNTTHK1187B98FF64','Andy','& Lucas','2004-06-06',40),('ARNUPIM11F4C83BD4D','Melt','Banana','1998-04-21',41),('ARNVCZC1187B9934F5','Corona',' ','1996-05-06',39),('ARNVH8S1187FB52F86','Heavy','D / McGruff','1999-07-23',36),('ARO1NHM1187B9B9D27','Los','Solitarios','2003-04-09',29),('ARO3SS31187FB3729C','GWAR',' ','1978-01-26',47),('ARO4WQR1187B9B9825','Kenny','Rogers','1999-01-22',61),('ARO5P0H1187FB5BAD7','Pepper',' ','1983-03-05',47),('AROBHK51187B9AD82B','Funeral','For A Friend','1997-11-09',59),('AROBQ0B1187FB404F6','Walter','Jackson','1977-01-08',31),('ARODBRG1187FB3FD99','Nick','Cave & The Bad Seeds','2004-06-20',47),('ARODMZJ1187B9ACE8E','Terror','Fabulous','1995-11-11',29),('AROEL1B1187B988B90','Lost','Boyz','2000-11-12',41),('AROGAPH1187B98CF9C','Benabar',' ','2000-12-05',37),('AROHMXL1187B9AF4B2','Yung','Joc','2018-06-06',51),('AROIIF91187FB4F2D5','Dead','Prez','1995-04-12',46),('AROKDJ41187B9A7700','Mindless','Self Indulgence','2005-05-05',48),('AROLMXS1241B9C6915','An','Cafe','2000-10-30',31),('AROMMVN11F50C50607','Margaret','Smith','1979-02-13',29),('ARORSBT11F50C4A96B','De','La Ghetto','2010-08-29',45),('AROSGVP1187B9B011F','The','Clancy Brothers','1984-04-10',40),('AROUOZZ1187B9ABE51','Willie','Bobo','2014-09-30',37),('AROVSYC119B3403921','Gus','Viseur','2006-10-29',27),('AROY6XW1187B991121','Steve','Vai','2014-06-30',54),('ARP6N5A1187B99D1A3','Mitch','Ryder','1972-05-03',29),('ARP6RUO1187FB3F1CF','The','Embarrassment','2013-02-11',36),('ARP96FM1187B9AEA77','Semisonic',' ','2009-07-21',47),('ARP9QX11187FB50EEB','Ulytau',' ','2015-06-24',33),('ARPAAHK1187B9ABB00','Nickelback',' ','2014-10-10',77),('ARPB4TX1187B98DDEA','Marga','Gomez','1975-01-23',22),('ARPFHN61187FB575F6','Lupe','Fiasco','2005-12-21',55),('ARPGPI51187B98F1EC','MDO',' ','1979-10-31',34),('ARPGPI81187B98AEEA','Chaotica',' ','1982-11-05',31),('ARPHH7Z1187B9B6A3A','Franco',' ','2017-04-21',45),('ARPJMMD1187FB4BD47','Curt','Bois','2005-05-31',11),('ARPQ4Z01187FB3A736','Butthole','Surfers','2011-01-02',48),('ARPTJHV11F4C83EF53','Mighty','Diamonds','2004-03-30',41),('ARPUTNP1187B9AA71B','AndrA(c)','Minvielle','1985-10-07',42),('ARPVFV91187B98BB94','Cinder',' ','2018-10-25',35),('ARPYBWQ1187B989C0D','Natural','Elements','2009-01-23',36),('ARQ05GM1187B990512','A','Static Lullaby','2006-02-09',55),('ARQ0BZY1187B99F093','Everyday','Sunday','2015-09-24',42),('ARQ76LG1187B9ACD84','Black','Flag','1992-02-28',54),('ARQATWU1187B98EE26','Ill','Nino','1999-12-14',58),('ARQCHDN1187FB4C7C2','Luiz','Bonfa','2003-11-28',34),('ARQCMZ01187B99342C','The','Secret Life of Teenage Girls','2010-01-16',23),('ARQDWBG1187B9891D7','Zeromancer',' ','1999-01-17',40),('ARQDYV0119B866800F','Gertrudis',' ','1985-09-07',34),('ARQGNEN1187FB4494C','Gabinete','Caligari','1991-10-31',32),('ARQGYP71187FB44566','Jimmy','Wakely','2017-06-13',29),('ARQI3OI1187B99DB1A','GAPtterdA$?mmerung',' ','1985-04-24',42),('ARQI60P1187FB464C9','The','Ocean','2007-05-29',46),('ARQL2SZ1187B99244B','Nic','Endo','1981-04-13',43),('ARQOC971187B9910FA','The','Verve Pipe','1994-06-30',49),('ARQQP3Z1187FB5707B','Bert','Kaempfert And His Orchestra','2012-12-25',42),('ARQRD391187FB5515A','Chelsea',' ','1987-12-05',35),('ARQXAUH1187B9BA010','Glen','Campbell And Bobbie Gentry','1989-03-26',38),('ARQXR6R1187FB46FD6','Soul','Asylum','1990-01-18',46),('ARQZY2A1187B9B7604','Erja','Lyytinen','1978-08-21',34),('ARR2TI31187FB380FE','The','Field Mice','1984-08-14',40),('ARR3ONV1187B9A2F59','Muse',' ','1978-10-01',75),('ARR6MOS1187B994C51','Mando','Diao','2014-07-08',48),('ARR8B8W1187B9AE0B4','House','Of Lords','1972-02-03',36),('ARR9XGB1187B9912E6','Boyz','II Men','1990-04-19',60),('ARR9XHK1187FB3894D','Leila','Chicot','1991-09-06',41),('ARRH2S81187B98C8AA','Bongzilla',' ','2011-10-30',44),('ARRJ3UC1187FB579D7','Wyclef','Jean featuring Butch Cassidy and Sharissa','2007-06-13',47),('ARRJNTE1187FB44E12','Casiotone','For The Painfully Alone','1979-12-15',39),('ARRNO111187B9B3FC9','Galactic',' ','2008-01-26',45),('ARRPCKN1187FB5BA2F','Z.Z.','Hill','2014-07-10',33),('ARRVGAX1187FB4D745','Little','Eva','1976-01-01',38),('ARRW6DJ1187FB50A67','Pacha','Massive','2000-02-18',42),('ARRX4FO1187FB58DD6','Jackie','Davis','2018-10-16',32),('ARRXG5Y1187B9AA016','G-Unit',' ','1992-01-31',53),('ARRZZRW1187B9A06E3','Rachel','Portman','1989-03-08',39),('ARS1OWB1187B99EEAD','The','New York Dolls','1974-08-30',47),('ARS6HDE1187B99CA29','Joe','Lynn Turner','2018-05-18',36),('ARSAJKR1187FB4C5DC','Kim','Wilson','1983-06-25',32),('ARSBB7P1187B989690','Steve','Azar','1988-06-11',39),('ARSBZSV1187B989B86','Stress','Assassin','2006-07-18',31),('ARSEC9Q1187B98912D','Colin','James','2014-06-13',44),('ARSF0K11187B9AF319','James','Taylor','1980-11-11',62),('ARSF4161187B9B449F','The','Gone Jackals','2011-12-21',35),('ARSL3N21187B98DFC5','Klaus','Badelt','1989-01-20',46),('ARSMRIN1187B9AB35A','Paul','Rodgers','2007-03-26',36),('ARSRFOY1187B9917DA','Otis','Taylor','1973-04-16',39),('ARSTSEH121318C5B01','Siouxsie',' ','2008-10-06',42),('ARSTXTP1187B99BD43','Beto','Cuevas','1983-02-26',36),('ARSW5F51187FB4CFC9','Alice','In Chains','1985-04-05',58),('ARSYOWS1187FB41157','The','Rascals','2016-06-04',40),('ARSZ6MA1187FB43D29','The','Notorious B.I.G.','2010-02-16',50),('ART09111187FB5BF48','Ty','Herndon;Stephanie Bentley','1984-02-19',45),('ART3O5Z1187B9AB043','Stevie','Ray Vaughan And Double Trouble','1983-01-06',54),('ART4EPR1187FB38772','Malcolm','McLaren','1971-05-02',54),('ART5IUL1187B9B0143','Lady','Saw','2017-10-22',44),('ART5MUE1187B98C961','Metallica',' ','1973-07-22',78),('ART703V1187FB4FD63','Operator',' ','1984-11-14',40),('ARTB5PP1187FB523B7','Donny','Hathaway','2015-04-12',42),('ARTDBI61187FB48479','Marvin','Sapp','2011-06-22',45),('ARTDQRC1187FB4EFD4','Black','Eyed Peas','2012-02-29',100),('ARTE6AQ1187B9B2826','The','High Strung','2000-03-12',39),('ARTE9CG1187B99B1AF','DMX','/ Eve / Jadakiss','1984-05-28',50),('ARTEGHH1187FB435C8','Bebo','& Cigala','1984-03-28',35),('ARTF2KG1187B98DDD1','Gold','City','2006-08-01',39),('ARTH9041187FB43E1F','Eminem',' ','1979-11-25',80),('ARTJJZZ1187B9BA5E7','Rishi','Rich','1990-01-18',33),('ARTK5LU1187B9A654C','Michael','Gettel','2000-12-20',33),('ARTWPGO1187FB52DC3','Elephant','Man','2000-06-11',45),('ARTXGGI1187B9B3D58','Blackalicious',' ','2012-07-07',51),('ARU0HTX1187B98B4C6','Lisa','Lynne','1980-04-03',42),('ARU2JAB1187FB50C72','David','Meece','2018-01-12',31),('ARU9KWP1187B98B2A7','Busdriver',' ','1971-11-14',34),('ARUF71J1187FB511C1','Boots','Randolph','1982-08-21',33),('ARUG6DV1187B992475','Willie','Clayton','1991-05-15',37),('ARUGX5X1187FB468C4','Dino',' ','1983-09-01',40),('ARUI8651187B9ACF52','John','Cale','2004-09-26',48),('ARUKN9H1187B9B71C8','The','Black Crowes','1982-07-31',53),('ARUSOMY1187FB4D3B4','Anti-Flag',' ','1993-12-26',52),('ARUTS6Y1187FB5BDAB','Twila','Paris','1989-07-31',40),('ARUW6HS1187FB3F028','Rokia','TraorA(c)','1996-04-30',35),('ARUWB5W1187B98D7A1','Ensiferum',' ','1993-12-12',51),('ARUYVDC12086C11D5C','Fever','Ray','2008-03-09',52),('ARUZL121187FB4B42D','True','Believers','1990-12-25',32),('ARUZRFN1187B98AC05','Bone','Thugs-N-Harmony / Akon','1990-09-18',55),('ARV1ALU1187FB4D77E','Eighteen','Visions','2005-04-24',44),('ARV1JVD1187B9AD195','Loudon','Wainwright III','1990-06-09',44),('ARV1P811187FB3CFC6','Jupiter','Rising','2016-11-12',36),('ARV2V751187FB4330F','Rah','Digga (Featuring Outsidaz)','1977-10-12',41),('ARV2X851187FB41A78','Open','Hand','2011-09-07',37),('ARV3CRH1187B9A1B21','Green','Day','1994-05-19',81),('ARV3IN31187FB4AAAE','Till','West & DJ Delicious','1972-01-31',32),('ARV4KO21187FB38008','Del','Tha Funkee Homosapien','1976-01-26',45),('ARV57NY1187FB3C1DC','Tommy','Castro','1976-11-22',41),('ARV6QHT1187FB5537A','Nana','Caymmi','2011-10-13',34),('ARV8LAR1187FB3DE2A','Dokken',' ','1993-05-23',45),('ARVBP9K1187FB48254','Cancer','Bats','1973-10-04',53),('ARVBRGZ1187FB4675A','Gwen','Stefani','2014-12-10',53),('ARVD9M11187FB49291','Headhunter',' ','1974-09-25',44),('ARVEJ9M1187FB4DC44','Les','Ogres De Barback','1976-10-11',43),('ARVI9KK1187B9AACB4','Jan','Wayne','1990-06-07',40),('ARVJ0JK1187B98C9C0','The','Brooklyn Tabernacle Choir','2000-02-07',43),('ARVKT151187B9A181D','The','Color Red','1981-11-01',37),('ARVLIVA1187B991590','Zeca','Baleiro','2016-01-12',42),('ARVMFE61187B992463','Darwin','Hobbs','1972-07-17',40),('ARVML631187B99E90D','The','B-52\'s','1986-08-29',53),('ARVN9FZ1187FB393F1','Snow','Patrol','1997-10-18',66),('ARVSDB11187FB4270B','The','Creation','2000-09-21',35),('ARVUAJC1187B9908A5','Speedball',' ','2018-05-31',36),('ARVUQIC1187B9A7C66','Hevia',' ','1982-08-08',35),('ARVVLMQ11F4C8456E4','Knack',' ','1999-07-19',43),('ARVZDOM1187B9B49C9','Barry','Manilow','2016-07-01',54),('ARVZPW91187FB4D73C','Baby','Huey & The Baby Sitters','2000-01-25',33),('ARW1MUW1187FB4D5A1','3','Doors Down','2012-01-18',60),('ARW74FW1187FB554AD','THE','COOKIES','1982-10-17',31),('ARW90Y31187B98FC7C','Pinchers',' ','1976-04-29',34),('ARWA8AH1187FB3FC84','Hot','Chip','2017-10-15',53),('ARWB3G61187FB49404','Steve','Morse','1994-10-09',42),('ARWBL9E1187FB4E695','Paul','Brown','1979-05-07',39),('ARWDP431187FB56492','Spinal','Tap','2015-09-17',34),('ARWF1KM1187B9908CA','Spliff',' ','2008-06-15',35),('ARWG0541187FB364EC','Las','Ketchup','1976-08-23',36),('ARWHM281187FB3D381','Souls','Of Mischief','1988-07-18',46),('ARWI6LR1187FB46E9F','Richard','Galliano','2017-04-03',42),('ARWPYQI1187FB4D55A','Rick','Astley','1993-02-24',50),('ARWRS4D1187FB3FCD4','Elakelaiset',' ','1973-12-12',40),('ARWSMC91187B9AD369','Helen','Love','1973-03-25',34),('ARWV0Q11187FB4CDCE','Arc','Angels','2012-09-07',34),('ARWWYK211C8A415AD4','Micachu',' ','1988-04-20',40),('ARWYVP51187B98C516','The','Suicide Machines','1983-03-11',46),('ARWZSFC1187FB567BF','Eddie','Money','1982-08-12',51),('ARX0IEI1187FB4FF4B','Circular',' ','1972-02-08',35),('ARX2DLI1187FB4DD03','The','Presets','2001-12-04',52),('ARX99U51187B991481','Mista',' ','2015-11-21',31),('ARX9L381187B9B7265','Mac','McAnally','1986-07-12',43),('ARXBXVM11E9057944C','NewFound','Road','1971-08-22',38),('ARXDQJB1187FB57154','Faithless',' ','2003-10-28',54),('ARXGWNG1187FB503A5','Ini','Kamoze','1990-01-24',43),('ARXIIEY1187FB44EAF','Nights','Like These','2018-05-19',31),('ARXJJSN1187B98CB37','Bebe','Winans','2018-07-24',48),('ARXLX5L1187FB47BED','Crazy','Horse','2016-07-13',34),('ARXP7MQ1187FB3AC5F','Dave','Hollister','1998-08-31',45),('ARXPE571187FB4AFD0','Rickie','Lee Jones','2016-09-15',50),('ARXR32B1187FB57099','Gob',' ','2008-05-28',40),('ARXRVY51187B99E98E','Jim','Bryson','1998-07-22',42),('ARXTM8U1187B99F200','Pablo','Montero','2007-09-20',30),('ARXUT4W1187FB48BEB','Javier','Navarrete','2004-01-02',38),('ARXWAQQ1187B9AE954','Redman',' ','2003-12-17',49),('ARY1K701187B9A43A9','Joe','McBride','1981-12-09',33),('ARY53RR1187B9AE485','Avril','Lavigne','1979-11-19',59),('ARY80281187FB3E380','Sandi','Thom','2013-06-25',40),('ARYECDK1187FB45587','The','Stranglers','2016-12-11',47),('ARYKCQI1187FB3B18F','Tesla',' ','1995-06-02',51),('ARYNSN31187FB4C573','Bizzy','Bone Presents','1988-11-22',47),('ARYO9BU1187B9ADA88','Porcupine','Tree','1990-02-18',50),('ARYVLXY1187FB373B0','Maurane','/ Lara Fabian','1997-02-15',41),('ARYXGST1187B991071','Uman',' ','1974-12-20',35),('ARYXJ5A1187B9B9E56','Kiril','Valeri','1983-10-23',43),('ARYYTAY1187B9B5F9D','Paloalto',' ','2016-12-22',40),('ARYZV2X1187B997BE7','Chris','Standring','2008-06-15',41),('ARZ05QG1187FB3843E','Byther','Smith','1978-03-20',36),('ARZ2CX31187B991668','Les','Sexareenos','1983-10-16',34),('ARZEWUR1187FB53DC8','Enthroned',' ','1999-01-23',39),('ARZFRQM1187B9A9772','Vanessa','Daou','1981-08-10',40),('ARZHUJU1187FB51176','Leigh','Jones','1971-04-08',37),('ARZKFR51187B9AF51B','Brian','Free & Assurance','2018-01-22',37),('ARZKUQF11F4C8456E8','The','Moody Blues','1996-09-14',53),('ARZM53A1187B9A1AE7','Panzer','AG','1989-01-14',37),('ARZS5VW1187FB567E8','William','Orbit','1993-01-12',42),('ARZU9NI1187B9AEE08','Babylon','Disco','2007-10-17',32),('ARZVEF91187B9AC770','Elliot','Goldenthal','1974-05-21',39),('ARZWK2R1187B98F09F','Rise','Against','1992-12-04',62);
/*!40000 ALTER TABLE `autor` ENABLE KEYS */;
UNLOCK TABLES;

--
-- Table structure for table `cancion`
--

DROP TABLE IF EXISTS `cancion`;
/*!40101 SET @saved_cs_client     = @@character_set_client */;
/*!40101 SET character_set_client = utf8 */;
CREATE TABLE `cancion` (
  `id` int(11) NOT NULL AUTO_INCREMENT,
  `autor_id` varchar(255) COLLATE utf8_unicode_ci DEFAULT NULL,
  `genero_id` int(11) DEFAULT NULL,
  `nombre` varchar(255) COLLATE utf8_unicode_ci NOT NULL,
  `duracion` int(11) NOT NULL,
  `rating` int(11) NOT NULL,
  PRIMARY KEY (`id`),
  KEY `IDX_E4620FA014D45BBE` (`autor_id`),
  KEY `IDX_E4620FA0BCE7B795` (`genero_id`),
  CONSTRAINT `FK_E4620FA014D45BBE` FOREIGN KEY (`autor_id`) REFERENCES `autor` (`id`),
  CONSTRAINT `FK_E4620FA0BCE7B795` FOREIGN KEY (`genero_id`) REFERENCES `genero` (`id`)
) ENGINE=InnoDB AUTO_INCREMENT=788 DEFAULT CHARSET=utf8 COLLATE=utf8_unicode_ci;
/*!40101 SET character_set_client = @saved_cs_client */;

--
-- Dumping data for table `cancion`
--

LOCK TABLES `cancion` WRITE;
/*!40000 ALTER TABLE `cancion` DISABLE KEYS */;
INSERT INTO `cancion` VALUES (1,'ARD7TVE1187B99BFB1',1,'I Didn\'t Mean To',218,60),(2,'ARXR32B1187FB57099',2,'Face the Ashes',209,60),(3,'AR8ZCNI1187B9A069B',3,'Pink World',269,26),(4,'ARC43071187B990240',4,'The Urgency (LP Version)',245,26),(5,'ARD842G1187B997376',5,'Floating',491,40),(6,'ARIG6O41187B988BDD',6,'High Tide',228,33),(7,'ARYKCQI1187FB3B18F',7,'Caught In A Dream',290,68),(8,'AR5KOSW1187FB35FF4',8,'Setanta matins',269,31),(9,'ARMAC4T1187FB3FA4C',9,'Setting Fire to Sleeping Giants',207,66),(10,'AR47JEX1187B995D81',10,'James (Hold The Ladder Steady)',124,49),(11,'ARGIWFO1187B9B55B7',11,'Made Like This (Live)',225,37),(12,'ARB29H41187B98F0EF',12,'Do You Finally Need A Friend',342,41),(13,'AR1Y2PT1187FB5B9CE',13,'The Emperor Falls',484,37),(14,'ARAJPHH1187FB5566A',14,'Twist and Shout',164,44),(15,'ARPQ4Z01187FB3A736',15,'Barking Dogs (From \"Piouhgd\")',450,59),(16,'ARXUT4W1187FB48BEB',16,'Midnight Swim',128,39),(17,'ARLGWFM1187FB4AC9F',17,'Spin',198,45),(18,'ARWYVP51187B98C516',18,'Burning In The Aftermath',95,52),(19,'ARFCUN31187B9AD578',19,'Angie (1993 Digital Remaster)',271,83),(20,'ARV1JVD1187B9AD195',20,'Human Cannonball',190,51),(21,'AR7TTS41187B9B42D3',21,'Glory Be',277,48),(22,'ARRJNTE1187FB44E12',22,'Nashville Parthenon',175,78),(23,'ARS1OWB1187B99EEAD',23,'Human Being',344,56),(24,'ARGMXQW1187FB54C34',24,'The More I See You',251,43),(25,'AROEL1B1187B988B90',25,'Certain Things We Do',269,40),(26,'AR3793X1187FB50CB3',26,'Driving Home For Christmas',241,76),(27,'ARINEWW1187FB5577E',27,'Spooks In Space',122,43),(28,'ARDGB6U1187FB3AD07',28,'Tous Les GarASSons Et Les Filles',207,38),(29,'AR2J2WF1187FB46271',29,'Too Much Saturn',300,61),(30,'ARUI8651187B9ACF52',30,'Movement 4 [from Kiss] (Album Version)',228,22),(31,'AR89DTT1187B9A7ED5',31,'Stream',239,41),(32,'ARF2EHS1187B994F4E',32,'Wicker Chair',187,68),(33,'AR06EB01187FB40150',33,'Stickin In My Eye',144,67),(34,'ARBJSO81187B9BA09B',34,'Entre CanAbales',246,62),(35,'ARNIFX51187FB418EA',35,'Sudanese Dance',273,19),(36,'ARCCRTI11F4C845308',4,'Where The Thunder Roars (Tales Of Wonder Album Version)',298,26),(37,'ARNVH8S1187FB52F86',36,'Wanna Be A Player',161,23),(38,'ARNLO5S1187B9B80CC',37,'Panama (Remastered Album Version)',209,82),(39,'ARTDQRC1187FB4EFD4',1,'Let\'s Get It Started',229,62),(40,'ARK9TRQ1187B99C095',38,'Metal',426,63),(41,'ARMBYRO1187FB57419',39,'Next Time',249,19),(42,'ARI5P4N1187FB3F44D',40,'Monde De Fou',187,24),(43,'ARLWR721187B9A03C9',5,'You Feel Good All Over',194,38),(44,'AR6G4V01187B9AD086',41,'I Never Came',288,72),(45,'AR9AM2N1187B9AD2F1',42,'Commercial Reign',283,66),(46,'AR9XEVF1187B99D017',43,'Hourglass',239,55),(47,'ARCFOZ71187FB43A0D',42,'Wake',206,30),(48,'ARXWAQQ1187B9AE954',1,'WKYA (drop)',124,57),(49,'ARDD9UN1187B98D3A7',44,'A Distant Voice',443,27),(50,'ARVJ0JK1187B98C9C0',45,'Lead Me Lord',324,40),(51,'AR4PCIG1187B98D07D',46,'Spontanous Combustion',275,24),(52,'AR1RHCO1187B9AF0BF',47,'Choro',294,38),(53,'ARBQBZV1187B99D29E',48,'I Want You (Forever)',357,51),(54,'AR9ODB41187FB459B2',1,'Hate',198,46),(55,'ARF3GX71187FB3EB66',49,'I Can\'t Stop Loving You',261,48),(56,'ARR9XGB1187B9912E6',50,'On Bended Knee',329,34),(57,'ARTB5PP1187FB523B7',51,'Little Girl (LP Version)',283,61),(58,'ARVEJ9M1187FB4DC44',52,'Niev nietch nievitch',254,39),(59,'ARCZ20M1187FB49687',5,'I Want Love (Tween You & Me) (Album Version)',162,37),(60,'AR11NP91187B9901B4',29,'Christlike Roche',338,26),(61,'ARBZAIL1187FB5B1C8',46,'You Rascal You',126,23),(62,'ARV1P811187FB3CFC6',36,'They Say (Album)',193,21),(63,'ARQOC971187B9910FA',11,'Medicate Myself',292,46),(64,'AR19SOA1187B98F6E6',29,'Biding Her Time',241,48),(65,'ARTDBI61187FB48479',45,'More And More  (LP Version)',270,26),(66,'ARI0PUX1187FB3F215',53,'Groovin\' In The Midnight',301,34),(67,'ARYO9BU1187B9ADA88',30,'Waiting',416,82),(68,'AR6PJ8R1187FB5AD70',54,'Hips Don\'t Lie (featuring Wyclef Jean)',217,73),(69,'AR7BMMV1187FB5B2D7',46,'I Got Over It (Album Version)',203,47),(70,'AREEMIN11F4C848971',55,'Festa',285,39),(71,'AR5LZJD1187FB4C5E5',4,'Hanging On (Medium Key Performance Track Without Background Vocals)',204,23),(72,'ARK2G5U1187FB46B34',27,'Gossippo Perpetuo',127,44),(73,'ARZEWUR1187FB53DC8',56,'The Vitalized Shell',240,54),(74,'AR89DTT1187B9A7ED5',31,'Mozart',192,60),(75,'ARFVYJI1187B9B8E13',57,'Inside Job',428,65),(76,'ARMQHX71187B9890D3',58,'The Czar: Usurper/Escape/Martyr/Spiral (Album Version)',654,62),(77,'ARYXJ5A1187B9B9E56',59,'Bulgarian Dream',306,27),(78,'AR0X3JJ1187FB3A9A7',60,'We\'re Gonna Go Fishin\'',127,49),(79,'AR035N21187FB3938E',61,'Robbers Kill Cop',44,30),(80,'ARANOZN1187B9B373E',62,'Orgofart',140,51),(81,'AR1GYND1187B9A9CD3',10,'Cooler Than You',124,40),(82,'AR1PCLK1187FB5BBFF',6,'Taryns Deepest Fear',167,44),(83,'ARGWIHH1187B9A79B0',63,'Snowball',190,54),(84,'AR93RTI1187B98ECFB',64,'Going Down Slow',187,35),(85,'AR567PN1187FB4B4F2',65,'Silent Hill',329,57),(86,'AR4K59J1187FB3759B',66,'Everything Changes',244,23),(87,'ARDG9Z71187B997023',28,'(This Is Not A) Love Song (Live)',388,26),(88,'AR56P361187B9AC4DB',46,'What Are We Here For',345,44),(89,'ARVML631187B99E90D',28,'Wig',261,71),(90,'ARD3LXU1187B9ABFC5',33,'God Save the Queen (Live)',216,41),(91,'ARC6UC81187B989062',67,'Have Yourself A Merry Little Christmas',133,36),(92,'ARKZJ301187FB521B2',68,'U Killed It',264,56),(93,'AR0LVFQ1187B9A84E0',69,'Voices On The Corner',235,25),(94,'ARU9KWP1187B98B2A7',70,'(Bloody Paw On The) Kill Floor',192,51),(95,'ARZ05QG1187FB3843E',71,'I Wish My Mother Was Here',418,43),(96,'ARTEGHH1187FB435C8',47,'Inolvidable',198,67),(97,'ARRH2S81187B98C8AA',41,'Witch Weed (Live)',397,46),(98,'ARSF4161187B9B449F',46,'Not Buried Deep Enough',229,49),(99,'ARD5K161187B9AC784',72,'Illuminate',327,68),(100,'ARUZRFN1187B98AC05',25,'Never Forget Me',286,55),(101,'ARZWK2R1187B98F09F',62,'Amber Changing',218,69),(102,'ARDOOH01187B991055',35,'Murder Academy',303,21),(103,'ARBM57Q1187B9AF97C',34,'Atmosphere Station',191,54),(104,'ARED2DG1187FB3CB4D',11,'Walk Away',177,44),(105,'ARMQHX71187B9890D3',58,'Shadows That Move',233,78),(106,'ARNIFX51187FB418EA',35,'Smile',38,21),(107,'AR5J8XN1187B9B712E',73,'Teacher\'s Pet',181,62),(108,'ARE1N571187B98A47D',74,'Go To Hell',173,60),(109,'AR6892W1187B9AC71B',40,'English Summer Rain',241,87),(110,'ARQDYV0119B866800F',75,'Intro',106,32),(111,'ARN5W1B1187B98BE10',76,'Empress So Divine',224,53),(112,'ARBJSO81187B9BA09B',34,'Terapia De Amor Intensiva',340,54),(113,'ARETCTY1187FB4C033',22,'Haunting',216,49),(114,'ARQXR6R1187FB46FD6',7,'Lies Of Hate',279,36),(115,'AR3PN3R1187FB4CEBD',76,'Musical Episode',234,34),(116,'ARQGYP71187FB44566',77,'Beautiful Brown eyes',155,46),(117,'ARV2V751187FB4330F',1,'The Last Word (Amended Version)',256,40),(118,'AR1PCLK1187FB5BBFF',6,'Jeffrey\'s Dark Side',109,61),(119,'ARHRP6Q1187FB3F016',11,'Pinned To The Ground (album version)',239,19),(120,'AR10USD1187B99F3F1',78,'Always And Never (Album Version)',229,65),(121,'ARQCMZ01187B99342C',79,'Carpe PM',153,19),(122,'ARSZ6MA1187FB43D29',25,'Who Shot Ya (Amended Album Version)',316,27),(123,'ARDIBRT1187B9AF176',46,'Poor Tom (Album Version)',182,31),(124,'ARY80281187FB3E380',40,'Wounded Hearts',205,41),(125,'ARR2TI31187FB380FE',80,'When Morning Comes To Town',316,53),(126,'ARV3IN31187FB4AAAE',81,'Same Man',153,72),(127,'AR8JSAL1187FB3CE7E',82,'Nine Ways',465,58),(128,'ARL6FF81187FB5A916',2,'Northern Downpour (Album Version)',247,35),(129,'AR9EZGO1187B9A401F',77,'Bad Seed',165,27),(130,'ARLDW6Z1187FB3F2A0',83,'Exchange',368,31),(131,'AR1QXAQ1187FB47FAC',1,'Oh My God',266,63),(132,'ARU0HTX1187B98B4C6',6,'Isla del Luna',316,76),(133,'ARDW5AW1187FB55708',5,'Another Long One',224,42),(134,'AR7ZKHQ1187B98DD73',4,'Blessed Assurance',270,47),(135,'AR7SMBG1187B9B9066',59,'Rumba De Barcelona',218,40),(136,'AR62SOJ1187FB47BB5',66,'Ten Tonne',337,39),(137,'ARP6N5A1187B99D1A3',46,'Jenny Take a Ride',207,41),(138,'AR0IAWL1187B9A96D0',47,'Native Soul',197,25),(139,'ARLTWXK1187FB5A3F8',84,'A Whiter Shade Of Pale (Live @ Fillmore West)',326,66),(140,'ARNF6401187FB57032',85,'The Ballad Of Sleeping Beauty',305,59),(141,'ARPFHN61187FB575F6',1,'Streets On Fire (Explicit Album Version)',279,88),(142,'AR558FS1187FB45658',86,'Intro',75,42),(143,'ARVBRGZ1187FB4675A',34,'Harajuku Girls',290,68),(144,'ARWB3G61187FB49404',46,'Prognosis',363,64),(145,'AREVWGE1187B9B890A',41,'Living Hell',282,33),(146,'ARF6ZTO1187FB3684F',87,'Swallow The Knife (Live) (Segue)',75,21),(147,'ARPYBWQ1187B989C0D',1,'Mayday',338,40),(148,'ARU0HTX1187B98B4C6',6,'Lake Of Dreams',298,67),(149,'ARQ05GM1187B990512',78,'Rattlesnake!',213,59),(150,'AR1Y2PT1187FB5B9CE',13,'Disappeared',351,42),(151,'ARXIIEY1187FB44EAF',88,'Ghost Town Rituals (Album Version)',305,33),(152,'ARJV0U41187B9AB715',2,'Shameless',221,27),(153,'ARWI6LR1187FB46E9F',89,'L\' Envers Du DA(c)cor',261,34),(154,'AR7OCK81187B98D1F1',46,'Little Sister',225,26),(155,'AROHMXL1187B9AF4B2',25,'BYOB (Explicit Album Version)',193,30),(156,'ARD2NDU1187B99B615',90,'Bloody Pig Pile (Live)',196,52),(157,'AREJO121187B995676',91,'Hex Breaker',281,42),(158,'AR5WPYF1187B9B40DA',13,'The Melting Moon (Edit)',224,52),(159,'ARUZL121187FB4B42D',92,'Turn Around',361,25),(160,'AR7UOUK1187B99078C',93,'Deep Night/Softly As In A Morning Sunrise (Medley)',340,52),(161,'ARGEKDX1187FB3A5BF',51,'Let Me Show You [I Just Want To Make You Smile]',280,50),(162,'ARJ9B1V1187FB4DD1F',94,'Daydreaming [Jakwob Remix]',277,57),(163,'ARDG9Z71187B997023',28,'Ease',492,63),(164,'ARWI6LR1187FB46E9F',89,'L\'insidieuse (Live)',309,26),(165,'ARWSMC91187B9AD369',95,'So Hot',81,29),(166,'ARMUC731187B9A172D',96,'Anti Geroi',281,40),(167,'ARIHI8H1187B9B0058',97,'So Jah Seh',256,22),(168,'ARUWB5W1187B98D7A1',98,'Warrior\'s Quest',291,66),(169,'ARR9XHK1187FB3894D',55,'Medley LeA-la Chico',293,24),(170,'AR82DJK1187B991107',74,'The Hustle',334,57),(171,'ARQ05GM1187B990512',78,'God Bless You (Goddamn it)',237,54),(172,'ARBD4QW1187FB42153',99,'The Illusionist',271,71),(173,'ARJAVK71187B989FEF',100,'Urgence',269,24),(174,'AR0S7TA1187FB4D024',54,'Pero Me Acuerdo De TA',266,62),(175,'ARVD9M11187FB49291',101,'Trapped In Reality',312,21),(176,'ARV1ALU1187FB4D77E',58,'Our Darkest Days',172,66),(177,'ARVZPW91187FB4D73C',102,'California Dreamin\' (LP Version)',288,47),(178,'AR633SY1187B9AC3B9',10,'Don\'t Let Go',180,78),(179,'ARDQO721187FB3C6D9',103,'U Don\'t Hear Me Tho\' (Street Mix)',217,45),(180,'ARUF71J1187FB511C1',84,'Lonely Street',150,37),(181,'AREP8KM1187B9A3A7B',104,'Undertow',204,44),(182,'ARLH4CH11C8A4173EC',5,'Have You Ever Seen The Rain',257,23),(183,'ARHBYTA1187FB3C812',39,'Terra',251,40),(184,'ARX0IEI1187FB4FF4B',6,'Mother',59,28),(185,'ARHEQ501187FB4F898',105,'A La Memoria Del Muerto',261,69),(186,'AR19GQN1187FB3ACF5',106,'Sayin\' Dope',365,37),(187,'ARM9Q581187B98E984',107,'My Bonnie Lies Over the Ocean',101,23),(188,'AR3752L1187FB4B67E',95,'Now You Know',222,49),(189,'ARIFTCD11F4C84086D',74,'Korrupted - Remix',281,19),(190,'AR37ILI1187B98E27B',107,'Reason With The Beast',113,23),(191,'AREPD8D1187FB3F5BC',11,'Walls And Cannonballs (Album)',195,60),(192,'AR858UO1187FB437B4',19,'Dark Angel',193,24),(193,'AR8LMZM1187B9A8160',108,'Taste Of Dis (Explicit Version)',261,21),(194,'AREUYDJ1187B9BA040',26,'Prvni vesela',262,45),(195,'ARQ76LG1187B9ACD84',62,'Crass Commercialism',1030,49),(196,'AR82GTS1187FB5662F',5,'Turning Away',293,51),(197,'ARCT5P61187FB3D950',109,'The Girl I Find (LP Version)',159,39),(198,'ARSYOWS1187FB41157',110,'Nubia (LP Version)',223,40),(199,'ARLZ2LD1187B9B17FD',111,'You\'re My World',174,56),(200,'ARGWFMR1187B98D0E7',10,'Ojos Gitanos',307,56),(201,'ARV6QHT1187FB5537A',112,'Solamente Una Vez',216,26),(202,'ARNDBEM1187B9A2918',113,'Sahti Waari',146,65),(203,'ARDNW1B1187FB4ABBB',105,'Nina Nina',273,31),(204,'ARABTW91187FB3A73B',114,'Las Murallas De JericA3',321,26),(205,'AR6PJ8R1187FB5AD70',54,'Pienso En Ti',148,70),(206,'ARAHQDS1187FB55275',112,'This Time I\'ll Be Sweeter',230,33),(207,'AR21YNH1187FB49649',63,'Mr. Prime Minister',286,40),(208,'ARA3I0J1187FB57869',95,'A New Hope',225,67),(209,'AR4CH531187FB4EA21',115,'Compulsory Resurrection',250,53),(210,'ARJIWJH1187FB3F6B9',46,'Party Til The Cows Come Home',254,40),(211,'ARK82DC1187B9A1FEB',16,'Don\'t Cry_ Joe',190,26),(212,'AR0CDSK1187FB52ED6',116,'Big Balls And Cow Town',251,26),(213,'ARSTSEH121318C5B01',117,'Into A Swan',234,59),(214,'ARCP8YG1187B997D72',118,'To The Stars',123,33),(215,'ARFFDZU1187FB50682',5,'The Joes Mobilize',504,30),(216,'ARZ05QG1187FB3843E',71,'So Unhappy',269,53),(217,'AR0693R1187FB59D32',119,'San Cristobal',199,28),(218,'ARQDWBG1187B9891D7',120,'Ammonite',362,67),(219,'ARV3CRH1187B9A1B21',121,'Wake Me Up When September Ends (Live at Foxboro_ MA 9/3/05)',340,43),(220,'ARTB5PP1187FB523B7',51,'This Christmas (LP Version)',231,99),(221,'AR6GJDZ1187B991E46',122,'VolcA!n',352,45),(222,'AR6AGJV1187FB504BA',6,'Village Attack/ The Arrest',81,34),(223,'ARSW5F51187FB4CFC9',57,'Lesson Learned',256,82),(224,'ARF9EI11187B9AB66C',1,'Almost Genuine',289,52),(225,'ARORSBT11F50C4A96B',123,'Es dificil',280,64),(226,'ARKLA8V1187B999B68',124,'The Sweetest Curse',270,74),(227,'ARTE9CG1187B99B1AF',1,'We\'re Back',265,60),(228,'ARNUPIM11F4C83BD4D',15,'Talk Like POP',51,45),(229,'AR9KWJK1187FB4A531',105,'Un Tipo Como Yo',281,56),(230,'AR6892W1187B9AC71B',40,'Slave To The Wage',246,85),(231,'ART5MUE1187B98C961',125,'Hit The Lights',252,80),(232,'AR0WXWU1187B9AB33F',95,'Have You Seen Her',273,22),(233,'ARBXBQR1187FB56FA5',126,'Karuna',331,42),(234,'AREKO1L1187B997EFE',127,'Closing Scene',256,68),(235,'AREGV3K1187B9AF614',37,'Get It For Free',254,53),(236,'ARF0COO1187B99B9EF',2,'Shooting Stars',240,71),(237,'AR95QS71187FB3F49A',66,'The Blessing',333,44),(238,'ARIWB161187B9AA1D5',67,'Citizen Of The Planet',194,41),(239,'AR7BMMV1187FB5B2D7',46,'Something For The Pain',298,50),(240,'ARUSOMY1187FB4D3B4',128,'This Is NOT a Crass Song',359,54),(241,'ARS6HDE1187B99CA29',7,'Soul Searcher',247,42),(242,'ARXPE571187FB4AFD0',129,'Skeletons (Live Acoustic Version)',221,21),(243,'AR6F6I21187FB5A3AA',130,'Flashflood',234,63),(244,'ARBUHDB1187FB3E72C',131,'What To Do Crying Waiting Hoping Learning The Game',227,25),(245,'ARA3VJJ1187FB3F5A6',5,'Old Times Sake',290,39),(246,'AR6C6VO1187FB4E267',132,'Wasted Love',229,30),(247,'ARWA8AH1187FB3FC84',28,'Ass Attack (Four Tet Remix)',181,33),(248,'AR1DR0E1187FB48F61',133,'Sally In the Garden',44,32),(249,'ARSF0K11187B9AF319',67,'Steamroller Blues',324,54),(250,'ARFY8NV1187B9B1961',3,'Heute',183,27),(251,'ARHI20L1187FB4C997',46,'A Day In The Life (Album Version)',286,77),(252,'ARNR58F1187FB52FA9',134,'Falling Bombs',298,64),(253,'AR05VW21187FB407B4',124,'Bed Crumbs',124,48),(254,'ARGMXQW1187FB54C34',24,'No More Blues (Chega de Saudade)',326,21),(255,'ARNJVSL1187B99AFD4',48,'Ja (Hanno\'s Poppersmonstermix)',357,26),(256,'ARP9QX11187FB50EEB',135,'Winter (Four Seasons)',233,50),(257,'AR1GNFR1187B9AD1FD',11,'Creeper Kamikaze',201,69),(258,'ARZU9NI1187B9AEE08',136,'Error',208,33),(259,'AR22KLC1187B98E812',137,'Seuraavassa elA$?mA$?ssA$?',227,54),(260,'AROVSYC119B3403921',138,'Fausse monnaie',180,21),(261,'ARA7WV51187FB532B0',139,'I Live to Be Hated',121,38),(262,'ARWDP431187FB56492',140,'The Majesty Of Rock',235,33),(263,'AR0XSOO1187B9B9E88',3,'Strange Thing',219,55),(264,'ARHZCG01187B99E4DE',51,'Journey To Love',282,48),(265,'ARI8GY11187B988DF4',79,'Rotting Fumes',107,32),(266,'ARE0OLY1187B9AD19F',141,'Revelations',243,47),(267,'ARW1MUW1187FB4D5A1',11,'It\'s Not Me',230,70),(268,'AR6CLFP1187B9ACB94',95,'Story Of An Artist (Don\'t Be Scared)',311,68),(269,'AR3THYK1187B999F1F',24,'Segredo',197,63),(270,'ARUZRFN1187B98AC05',25,'Murder One',255,47),(271,'ARDOOH01187B991055',35,'I Destructor (Lenny Dee Mix)',367,21),(272,'ARDI88R1187B98DAB2',1,'If I...',222,58),(273,'ARR3ONV1187B9A2F59',142,'Bedroom Acoustics',156,65),(274,'ARMQHX71187B9890D3',58,'Deep Sea Creature',280,59),(275,'AR0X3JJ1187FB3A9A7',60,'Danny Boy',146,37),(276,'ARN7OQ21187FB5A6B3',143,'Good Looking Girl Blues',171,52),(277,'AR1JGQT1187FB56878',133,'Cajun Blood',233,27),(278,'AR1ZYLH1187B98C159',25,'Jamboree',213,55),(279,'ARH6W4X1187B99274F',40,'Subterranean Homesick Alien',267,77),(280,'ARXP7MQ1187FB3AC5F',144,'Tell Me Why',305,72),(281,'ARB06Z71187B99049A',145,'Lullaby',205,32),(282,'AR1PCLK1187FB5BBFF',6,'Love Me',168,45),(283,'ARTE9CG1187B99B1AF',1,'Damien',222,67),(284,'AR6AGJV1187FB504BA',6,'Trong Com',43,36),(285,'ARWG0541187FB364EC',119,'Doble Bombo',171,23),(286,'ARJJRZ41187FB4C856',41,'Serve The Ego (Hani Num Dub)',529,34),(287,'ARI6OUG1187B989234',146,'Going Home',277,37),(288,'ARODBRG1187FB3FD99',34,'Still In Love',283,59),(289,'ARG9E8O1187B99AB4F',62,'Closed Eyes',290,53),(290,'AR02YGA1187B9B8AC4',147,'Sencillamente',307,51),(291,'ARRXG5Y1187B9AA016',74,'Poppin\' Them Thangs',242,76),(292,'ARGO67V1187B9968D2',58,'Bury Your Head',212,74),(293,'AR0CANF1187B9AF35F',148,'Big Business',149,55),(294,'ARUYVDC12086C11D5C',149,'I\'m Not Done',280,55),(295,'AR1VWD91187FB4CE99',46,'Bo Diddley',463,28),(296,'ARJJRZ41187FB4C856',41,'Ignis',144,26),(297,'AROBQ0B1187FB404F6',150,'What Would You Do',156,35),(298,'AR8U8G41187B9A833B',136,'Post-Toxic Finger Disorder',80,42),(299,'AR8W2DS1187B9B6E36',151,'Lotus Kiss',317,53),(300,'ARYNSN31187FB4C573',25,'Intro',50,34),(301,'ARPVFV91187B98BB94',11,'The Ride (Album)',218,21),(302,'ARVUAJC1187B9908A5',152,'No Survivors',212,25),(303,'ARH861H1187B9B799E',60,'I Got Stripes (Live)',112,32),(304,'ARM63WJ1187B9951EA',88,'Her Golden Robe In Silence Veiled',286,40),(305,'ARBQPXY1187B98D67B',116,'Same Old Song',194,36),(306,'AR56P361187B9AC4DB',46,'Rockin\' Every Night (Live)',198,27),(307,'AR0S7TA1187FB4D024',54,'Walk Away',347,68),(308,'ARYVLXY1187FB373B0',52,'Mais La Vie',198,22),(309,'AREY3RN1187B993C5F',56,'Forever Consumed Oblivion',225,51),(310,'ARQGNEN1187FB4494C',10,'El Arte De Amar',304,26),(311,'AR202MX1187B9B0383',153,'Honey I Sugar Pie',207,33),(312,'AR2CM6U1187B999EB7',72,'Phylyps Trak II/II',793,50),(313,'ARASYMJ1187B9ACAF2',46,'Young Blood (2007 Digital Remaster)',209,66),(314,'ARJBWQI1187B9B17D1',58,'Upon The Shores [Explicit]',321,47),(315,'ARUWB5W1187B98D7A1',98,'Hero In A Dream',218,69),(316,'AR4TLW81187B99683D',110,'Ice Cream Man',352,30),(317,'ARQCHDN1187FB4C7C2',154,'A Brazilian in New York',305,35),(318,'ARYZV2X1187B997BE7',155,'Mumbo Jumbo (jazz)',257,49),(319,'ARMW8O71187B98CD90',156,'Walk With Me',348,20),(320,'ARFCOGY1187FB454B4',4,'Everything You Touch Is a Song',319,57),(321,'AR5U94U1187FB5CDCF',19,'Come To Find Out',247,25),(322,'AR8SRQ31187FB4D477',46,'Victim Of Circumstance',248,21),(323,'ARWSMC91187B9AD369',95,'Bubblegum',145,36),(324,'ART09111187FB5BF48',49,'Heart Half Empty',295,40),(325,'ARDEC2A1187B9A460E',157,'The Flame',323,62),(326,'ARKRQSV1187B99FB13',5,'I Will Always Love You',189,26),(327,'AR0N0DX1187FB41327',158,'The Truth Forever',623,30),(328,'ARGMRRK1187FB5BE1F',159,'Lonesome Road (1995 Digital Remaster)',150,65),(329,'AR0I2BV1187FB3D89F',140,'Ye That Tempteth_ Ye That Bequeth',239,53),(330,'ARD3LXU1187B9ABFC5',33,'New York (Dave Goodman Demo Version) (Explicit)',186,34),(331,'ARW90Y31187B98FC7C',153,'For Your Eyes Only',195,43),(332,'ARNLW7H1187B99EC9D',160,'Welcome 2 Detroit',285,70),(333,'ARPHH7Z1187B9B6A3A',161,'Motindo Na Yo Te',188,37),(334,'ARCID1N1187FB51DA0',59,'A Costa De Galicia',237,32),(335,'ARL6UP41187FB5C604',22,'Enero en la playa (Edit)',158,21),(336,'AR3KXHI1187FB3A8BF',162,'Travel Song (Reprise)',68,33),(337,'AR93D4D1187FB3ACAD',46,'Midnight In Memphis',263,55),(338,'ARKYI5T1187B99334F',163,'God Will Make A Way',316,33),(339,'ARQ0BZY1187B99F093',11,'Don\'t Leave',269,32),(340,'ARWHM281187FB3D381',164,'Spark',220,60),(341,'AR7Y6JX1187FB4D9B3',62,'Destroy Babylon',85,58),(342,'ARI4NXX1187FB59DF2',94,'Follow Your Dreams (The Plan Album Version)',196,26),(343,'ARX2DLI1187FB4DD03',28,'Yippiyo-Ay',271,66),(344,'ARADF5Q1187B98DAE7',165,'SeA+-ora (bonus track)',204,53),(345,'ARH0NCL1187B99B41A',89,'Der Wind Hat Mir Ein Lied ErzA$?hlt (from \"La Habanera\")',221,21),(346,'ARSW5F51187FB4CFC9',57,'Brother',267,70),(347,'AR6J3X81187FB59A7B',166,'Exaltation',417,65),(348,'ARJXULI11F4C83C865',133,'Punchdrunk',158,57),(349,'ARWZSFC1187FB567BF',10,'Two Tickets To Paradise',189,42),(350,'ARH6VQG1187B9BA0FA',167,'Red Orange Yellow',189,66),(351,'ARZVEF91187B9AC770',84,'Bullet Frenzy',617,39),(352,'AR1OBRC1187FB59AD4',56,'Before The Aons Came',178,65),(353,'AR3PN3R1187FB4CEBD',76,'Rastafari Prophecy',284,27),(354,'AR3Q48J1187FB55278',107,'Killing',218,62),(355,'AR9YWMS1187FB43A34',42,'On The Brink',194,58),(356,'ARFJD5L1187B9A30BA',105,'Consuelate Como Yo',263,46),(357,'ARVN9FZ1187FB393F1',42,'Half The Fun',174,70),(358,'AR9788H1187B9A05D1',1,'Drive By Music',200,44),(359,'ARZ2CX31187B991668',168,'Ruby D.',98,56),(360,'ART3O5Z1187B9AB043',64,'Empty Arms',184,69),(361,'ARVSDB11187FB4270B',169,'Hey Joe',250,43),(362,'ARB29H41187B98F0EF',12,'Blues',180,36),(363,'ARIUHYM1187B9AEAE4',95,'BrokA?n NA<<edle',149,35),(364,'ARF3L8J1187B9B7866',56,'Risen From Within',173,43),(365,'ARWRS4D1187FB3FCD4',140,'Humppa',182,44),(366,'ARVMFE61187B992463',170,'You Are God (Broken Album Version)',352,37),(367,'ARLDW2Y1187B9B544F',131,'Crimson And Clover',324,69),(368,'ARGEKDX1187FB3A5BF',51,'Outro Duction',52,60),(369,'ARVUQIC1187B9A7C66',129,'San Xuan',261,42),(370,'ARJ9DSA1187B990E00',46,'A Hard Road',304,53),(371,'ARDGBFI1269FCD6AA6',171,'Laughed At The Judge',325,21),(372,'ARRPCKN1187FB5BA2F',172,'Faithful and True (Collectors Version)',333,23),(373,'AROGAPH1187B98CF9C',52,'Le Zoo De Vincennes',238,46),(374,'AR03BDP1187FB5B324',54,'Don\'t Go Knockin\' On My Door',223,65),(375,'ARH8B5X1187FB3B6C0',125,'Sacrifice for the Slaughtergod',173,58),(376,'AR3SEQM1187B98E9E8',37,'Cold Blood (LP Version)',257,27),(377,'ARUZL121187FB4B42D',92,'I Worship You',281,26),(378,'AR5BX3Y1187FB39E93',18,'Jimi Baby',118,32),(379,'ARASYMJ1187B9ACAF2',46,'Fool For Your Loving',250,85),(380,'ARP96FM1187B9AEA77',11,'If I Run',258,57),(381,'AR31G891187FB3892D',54,'Maybe I\'m Crazy (Single original version_ 2008 Digital Remaster)',196,23),(382,'ARUG6DV1187B992475',109,'Heart Of The City (Soul and R&B)',238,25),(383,'ARNQ7UN1187B98EE77',173,'Guardian Angel',231,26),(384,'ARB5TJM1187B9A71FD',37,'Hel Vete',255,65),(385,'ARSEC9Q1187B98912D',19,'Sending A Message',233,23),(386,'ARKETDZ1187B9B2566',52,'Auf Der Mundharmonika',159,41),(387,'ARUG6DV1187B992475',109,'Wiggle (Soul and R&B)',287,30),(388,'ARN7OQ21187FB5A6B3',143,'Judge Boushay Blues',221,46),(389,'ARVBP9K1187FB48254',32,'Sabotage',180,72),(390,'ARYXGST1187B991071',6,'People of cloud nine',344,23),(391,'AR9XDAA1187B99768F',47,'Away In A Manger',92,23),(392,'ARTXGGI1187B9B3D58',1,'Rock the Spot',260,66),(393,'ARRJ3UC1187FB579D7',1,'You Say Keep It Gangsta',238,40),(394,'AR3P1NA1187FB44B9E',174,'Pop A Cap In Yo\' Ass',389,26),(395,'ARIXPDI11E90579CD5',147,'El Corcovado (The Wood-Quail)',234,19),(396,'ARBTD2Y1187B9B3EA5',175,'Chinoiserie',304,33),(397,'ARML8X41187B990644',3,'Careful In Career',308,47),(398,'AR58SJE1187B9A8E4C',71,'I\'m in Korea',190,42),(399,'ARV8LAR1187FB3DE2A',37,'Disease',210,46),(400,'ARIYH1U1187B9AF8A3',53,'Jealousy',201,21),(401,'ARM7EDF1187B9B3FA1',37,'Mama Kin',237,71),(402,'AR2XI6G1187B9AE7DA',25,'Bust At You [featuring Baby_ Scarface & Tony Sunshine] (edited album version)',277,34),(403,'AR1NT3H1187B99F67B',11,'Searching For Home',198,47),(404,'ARPJMMD1187FB4BD47',10,'Reg mich nicht auf_ Johanna',203,21),(405,'ARFWL8S1187B9B4B44',26,'The Reason I Go On',224,44),(406,'ARIH5GU1187FB4C958',11,'Cicada',312,61),(407,'ARF84A41187B9A34E7',18,'LA River (Acoustic)',163,46),(408,'ARQRD391187FB5515A',10,'Right to Work (Live)',145,53),(409,'ARNNQ9E1187FB3C82F',153,'Princess Black',274,48),(410,'AR02YGA1187B9B8AC4',147,'Bolero Militar',208,30),(411,'ARRJNTE1187FB44E12',22,'Rice Dream Girl',108,63),(412,'AR4JY8V1187B98A62F',176,'Time After Time',312,53),(413,'ARR6MOS1187B994C51',46,'Misty Mountains',144,61),(414,'ARF3HEO1187B9AF2F4',177,'All I Ever Really Wanted',198,45),(415,'ARXBXVM11E9057944C',133,'Brand New Broken Heart',176,25),(416,'AR6C8EJ1187FB3F473',47,'Mi Sangre Latino',177,24),(417,'AR199MY1187B9B731E',178,'Vincent',451,34),(418,'ARKCYJV1187FB392E9',2,'the fallen...',204,71),(419,'ARTE6AQ1187B9B2826',11,'The Lifestyle That Got Away',153,37),(420,'AROEL1B1187B988B90',25,'Get Your Hustle On',243,40),(421,'ARQL2SZ1187B99244B',65,'Future Prospects',388,29),(422,'ARSAJKR1187FB4C5DC',179,'Love Attack',286,26),(423,'ARNDB1X1187B990AA0',62,'Human Guinea Pig',125,57),(424,'ARKC83D1187B9AB367',4,'Awesome God',181,27),(425,'ARTWPGO1187FB52DC3',153,'Loud And Clear',128,23),(426,'ARLZ6BF1187FB3DD6A',52,'J\'veux Du Cuir (Live)',217,21),(427,'ARO5P0H1187FB5BAD7',166,'Freeze',204,54),(428,'ARXJJSN1187B98CB37',4,'Love Thing',278,30),(429,'ARMR44C1187FB433D2',126,'Bean Fields (Live) (2001 Digital Remaster)',270,27),(430,'ARJKZOP11F50C51177',161,'Sambangole / Tres Golpes Na\' Mas',318,19),(431,'ARE8GLF1187FB52532',43,'Naked In The Rain (Album Version)',265,70),(432,'ARBHBE91187B9A1F58',46,'The One I Got',208,60),(433,'ARMB95F1187B9B5B93',1,'Shake',208,50),(434,'ARIRBO11187FB4B219',180,'Tides Of Time',281,46),(435,'AR6W5MS1187FB3BF47',46,'Down On The Farm (2006 Remastered Edit Version)',228,27),(436,'AR6IJ6U1187B99FC7C',52,'Distancia',252,33),(437,'AR4R1FL1187FB55C3B',42,'Romantic Rights',195,71),(438,'AR6XPWV1187B9ADAEB',57,'If Ever',253,49),(439,'ARKMIBT11F4C8430D9',181,'Stairs To the Attic',277,60),(440,'ARN8NCB1187FB49652',182,'Prelude And Fugue In C Major BWV 545 : Prelude',137,25),(441,'ARZVEF91187B9AC770',84,'Vortex',92,32),(442,'ARML3X41187FB35F2E',121,'The Dynamo Of Volition [From An All Night Session]',263,61),(443,'ARGBR4I1187B99D073',57,'Between Me & You Kid (Album Version)',217,53),(444,'ARUGX5X1187FB468C4',4,'Untitled',406,31),(445,'ARH09RT1187FB4A843',85,'Una na na',239,39),(446,'AR9XEVF1187B99D017',43,'Can\'t Break This Man',294,55),(447,'ARV2X851187FB41A78',11,'The Ambush',136,61),(448,'ARKIYC51187FB4775A',183,'Marilyn',158,52),(449,'ARTJJZZ1187B9BA5E7',184,'Come Here Feat. Jay Sean',201,21),(450,'ARWBL9E1187FB4E695',155,'Old Friends',243,64),(451,'ARD39VZ1187B9B9A57',25,'South Side Story',250,57),(452,'ARTDBI61187FB48479',45,'In His Presence (LP Version)',263,25),(453,'AREPD8D1187FB3F5BC',11,'Space Between Us (Album Version)',303,53),(454,'ARPTJHV11F4C83EF53',76,'Drifting Away',224,23),(455,'ARODMZJ1187B9ACE8E',153,'Position',191,62),(456,'ARA6BH81187B98F3AF',72,'Tetrispack',256,76),(457,'AR0B1CH1187FB3A824',185,'Nice \'N\' Easy',184,21),(458,'AR46CAD1187FB4D84B',62,'Doing Time (Album Version)',180,59),(459,'ARRX4FO1187FB58DD6',12,'Night Train (Album Version)',159,26),(460,'ARG8DXO1187B9AF743',18,'Short On Ideas / One Last Cigarette',257,40),(461,'AREV2491187B9B017E',25,'Got It Twisted',224,66),(462,'ARDM8331187B9B947E',52,'Stand',194,21),(463,'AR223M11187B9ADDD6',5,'Have Thine Own Way Lord',160,30),(464,'ARDSWIE1187FB39056',164,'I\'m The Man (Explicit) (Feat. Jeru The Damaja And Lil Dap)',244,60),(465,'ARENU9O1187B993B5E',121,'Don\'t Wanna Be Here (Album Version)',214,22),(466,'ARK0BT61187B9ACEC2',41,'CNN War Theme',217,55),(467,'ARH3S5S1187FB4F76B',57,'Heart-Shaped Box',281,54),(468,'ARMGJ1W1187FB53EEC',186,'Girls Make My Hair Loose',216,35),(469,'AR72Q9R1187B98A664',48,'Spaced Invader (Ian Pooley Club Mix)',383,25),(470,'AR9A5TK1187B9AD07F',121,'Tien An Man Dream Again',78,47),(471,'ARUKN9H1187B9B71C8',46,'Nonfiction',256,75),(472,'ARRXG5Y1187B9AA016',74,'Money Make The World Go Around',254,22),(473,'AR4FGSF1187FB528BE',29,'Never Be Ready',215,64),(474,'ARLHEM01187B9AFF5B',105,'CoquA',245,23),(475,'AREHK7O1187B9ADDD7',80,'Iron Man',259,64),(476,'ARLGIX31187B9AE9A0',25,'Honey',242,41),(477,'ARVI9KK1187B9AACB4',187,'Mad World (Money-G. Remix)',495,27),(478,'ARNE16X1187B9B2DEE',166,'Take Your Time feat. Yannick Noah',193,33),(479,'ARJR7S11187FB36A2A',42,'Innizar',208,39),(480,'ARN8NCB1187FB49652',182,'Toccata Et Fugue En RA(c) Mineur BWV 565',499,21),(481,'ARWV0Q11187FB4CDCE',46,'Nadine',309,26),(482,'ARIH5GU1187FB4C958',11,'Suicidal Dream',191,66),(483,'ARJ1W5M1187FB458F3',23,'Do It All Over Again',265,21),(484,'ARJ7SQ31187B9AF432',141,'She Came Along To Me (LP Version)',207,41),(485,'ARQI3OI1187B99DB1A',188,'Skincree',250,58),(486,'ARBJSO81187B9BA09B',34,'Persiana Americana (Live)',343,27),(487,'AROLMXS1241B9C6915',28,'KORITSU HOSPITAL',267,21),(488,'ARRNO111187B9B3FC9',51,'Squarebiz',205,47),(489,'ARFONSP11F50C4D175',46,'Narrative #1',35,32),(490,'ARI3WLL1187B99182B',189,'Someday (Immune Album Version)',248,40),(491,'AR7V3VQ1187B9A08AA',78,'Drugs',443,40),(492,'ARK8EHO1187B9B71D1',48,'Scientas',337,59),(493,'ARNBFWO1187FB4D1DD',190,'The Painter And The Magician',253,57),(494,'AR4M1KM1187B9AC7E2',191,'Spanish Harlem',130,68),(495,'ART4EPR1187FB38772',149,'You Need Hands (1993 Digital Remaster)',169,60),(496,'ARHY20W1187B9B8262',155,'Sicilienne',225,33),(497,'ARY53RR1187B9AE485',192,'Innocence',232,92),(498,'ARC6UC81187B989062',67,'Redwing',252,47),(499,'ARK8EHO1187B9B71D1',48,'Heal (The Separation) [H.E.L.P Breakbeat]',247,26),(500,'ARZKUQF11F4C8456E8',193,'Long Summer Days',194,38),(501,'ARNITNO1187FB555D3',47,'Luna de miel en Guama',238,26),(502,'ARGREXL1187FB3FC9B',5,'Coven In Charing Cross',244,64),(503,'ARA8O8L1187B9AD61D',194,'Junco Partner',208,56),(504,'AR828WL1187FB47E81',186,'Close To Me',238,61),(505,'AR8TCLH1187B9A85E4',51,'Apertura in jazz',234,21),(506,'ARF1E421187B9AF8C4',147,'Alma de B-Boy',208,51),(507,'AR7LN7G1187FB395BB',178,'A Mon Avis',431,35),(508,'ARNJ2VR1187B989DA8',112,'The Girl From Ipanema (Garota De Ipanema)',192,37),(509,'ARIK8T31187B9A4D4F',93,'Autumn Leaves (1999 Digital Remaster)',171,21),(510,'ARR3ONV1187B9A2F59',142,'Stockholm Syndrome',296,77),(511,'AR695PK1187B996E35',46,'Maria De Santiago',235,25),(512,'ARBZAIL1187FB5B1C8',46,'No Consolation',182,26),(513,'ARSF4161187B9B449F',46,'Faith Healer (Digital Single)',248,43),(514,'ARNMHWR11F4C83B384',67,'Scotch and Soda',127,26),(515,'ARHSYTC11F50C505F9',195,'T.V. & Movies',420,28),(516,'AR2P71H1187B9B8C00',168,'Therapie',64,36),(517,'AR23SSG1187FB3AC75',196,'Nu Sheng Wo Zui Da (OT:That Thrill)',220,22),(518,'ARRVGAX1187FB4D745',10,'The Loco-Motion',145,92),(519,'ARML8X41187B990644',3,'Chelsea Girl (Live)',308,23),(520,'ARNHHIV1187FB4EA23',107,'Jetstream - Arthur Baker Remix',421,36),(521,'ARN7OQ21187FB5A6B3',143,'Old Hobo',234,49),(522,'ARYO9BU1187B9ADA88',30,'Moon Loop (Improvisation)',978,81),(523,'ARUZRFN1187B98AC05',25,'Fearless [Interlude] (Explicit Album Version)',34,24),(524,'ARSL3N21187B98DFC5',6,'After The Fire',116,30),(525,'ARL635X1187B990092',114,'Tel Que Tu Es',189,81),(526,'ARC5Q0L1187B98D463',197,'Skyswimmer',399,45),(527,'ARX9L381187B9B7265',29,'If You Hang Around Long Enough',183,49),(528,'AR7TTCH1187FB3F95C',46,'Jambalaya (On The Bayou)',169,40),(529,'ARV4KO21187FB38008',1,'Mistadobalina',257,75),(530,'AR03BDP1187FB5B324',54,'Boys',225,56),(531,'ARXLX5L1187FB47BED',5,'Dance_ Dance_ Dance  (Album Version)',133,57),(532,'ARVD9M11187FB49291',101,'Signs Of Insanity',277,26),(533,'AR0BV7E1187FB386C1',198,'A Little Bit Of This And A Little Bit Of That',307,65),(534,'AR0IVSA1187FB4F069',199,'Your Head',200,59),(535,'ARCF06I1187B995398',22,'Clap Ur Handz',80,62),(536,'ARCRR5X1187FB3BD4A',200,'Gotta Let It Go',241,34),(537,'AR0WV4Y1187B99B806',201,'Say How I Feel',207,57),(538,'ARB336A1187B9A4583',168,'Miss X (LP Version)',307,67),(539,'AR0WCZW1187B99F592',123,'Imparable',222,67),(540,'ARCLFWR1187B9AE7B2',46,'We Have All The Time In The World (Live)',235,21),(541,'ARFWL8S1187B9B4B44',26,'Un Garcon Pas Comme Les Autres (Ziggy)',179,46),(542,'ARS6HDE1187B99CA29',7,'Second Hand Life',274,50),(543,'AR261YW1187FB374B3',7,'Cherry Pie',201,80),(544,'ARSRFOY1187B9917DA',143,'Round and Round',107,59),(545,'AROSGVP1187B9B011F',145,'Water Is Alright In Tay',113,47),(546,'ARAPH9U1187B9B34F0',156,'Wind In The Wire (Album Version)',211,21),(547,'ARFM7OI1187B990C49',11,'Where Do I Fit',184,63),(548,'ARNTTHK1187B98FF64',59,'Amores Cobardes',234,26),(549,'ARKWT6J1187B98ED50',154,'Perca peso',320,61),(550,'AR5ZJLK1187B9B3A8E',46,'Brown Girl',252,26),(551,'ARQXAUH1187B9BA010',143,'Mornin\' Glory',183,55),(552,'ARXTM8U1187B99F200',202,'La Copa Grande',189,23),(553,'ARO4WQR1187B9B9825',5,'The Son Of Hickory Holler\'s Tramp',188,34),(554,'ARNITNO1187FB555D3',47,'My Funny Valentine',266,47),(555,'AR5T4YC1187FB5915E',86,'Feel So Stupid (Table 9)',197,61),(556,'ARPUTNP1187B9AA71B',83,'Les Chaudrons',295,21),(557,'ARK71TS1187B9902B0',203,'El Barbero',251,28),(558,'ARKLA8V1187B999B68',124,'Grad',354,65),(559,'ARXGWNG1187FB503A5',153,'Goodness & Mercy',236,24),(560,'ARIRD6J1187FB5A98C',76,'Walking Dub',192,21),(561,'ART3O5Z1187B9AB043',64,'Chitlins Con Carne',235,62),(562,'ARAPH9U1187B9B34F0',156,'On The Other Hand (Remastered Album Version)',187,21),(563,'ARML7XL1187FB43F59',43,'Nothing To Lose',260,46),(564,'ARYVLXY1187FB373B0',52,'Juste Une Petite Fille',263,32),(565,'ARNQESK11F4C83FD6F',63,'Look Around featuring dead prez and Cheryl Pepsi Riley',318,42),(566,'AR12F2S1187FB56EEF',46,'Angel',335,41),(567,'ARC70XM1187FB4D5B0',46,'Broad Daylight - The BBC Sessions [Top Gear 17/3/69]',197,21),(568,'ARASJQK1187FB5B9D1',133,'Sweet Southern Comfort',212,79),(569,'AR189B91187B9B8D9C',61,'Marea De Venus',262,43),(570,'ARBTNN91187B9ADD5D',168,'Century City Rag',159,34),(571,'ARR8B8W1187B9AE0B4',48,'Rock Bottom',232,59),(572,'ARCLFWR1187B9AE7B2',46,'Love Unlimited (Explicit)',205,23),(573,'AR1BA6K1187B9A5656',176,'The Sweetest Sounds',180,26),(574,'ARPGPI81187B98AEEA',120,'Turbocharger',235,23),(575,'AR6892W1187B9AC71B',40,'Hardly Wait',180,71),(576,'ARR3ONV1187B9A2F59',142,'Exogenesis: Symphony Part 1 [Overture]',258,93),(577,'AR1ZKBE1187FB53629',149,'Computer Love (2009 Digital Remaster)',399,36),(578,'AR2S4CA1187B99632E',4,'Great Big Problem',264,26),(579,'AR06EB01187FB40150',33,'My Heart Is Yearning',143,65),(580,'AR5GMAV1187FB3A8F5',144,'Tyre',71,61),(581,'ARO3SS31187FB3729C',204,'Let\'s Blame The Lightman',189,47),(582,'AR190KO1187B9905EC',11,'Master Of The Universe',212,67),(583,'AR20CFC1187B98A25D',19,'Let\'s Go',160,43),(584,'AR26XQ61187FB36CF3',11,'Gina',165,37),(585,'AR7CCS31187B98C531',31,'Sedona Suite (Sunrise/Prayer/Joy/Sunset)',743,26),(586,'ARL3VGT1187FB40E8E',68,'El Mensaje Soy Yo',171,43),(587,'ARKQN8X1187B99221C',205,'Not Homophobic/The Word Is \"Cock\" (Spoken Word) (Album Version)',217,29),(588,'ARX99U51187B991481',101,'I\'ll Sweat You (LP Version)',253,26),(589,'AR6G6G01187B9B1637',78,'Fuel the Fire',222,55),(590,'ARAZCWP129462A97F1',166,'Memphis',177,59),(591,'ARZKFR51187B9AF51B',163,'Emmaus',243,26),(592,'ARJXZX41187B9B6A43',164,'Sound Clash',262,21),(593,'AR4EQ231187B99368F',206,'Vienna',231,79),(594,'AR4EVIX1187B993DE9',112,'Sete Desejos',205,47),(595,'ARDY3451187B9A0226',5,'Foggy Mountain Top',160,25),(596,'ARCYE581187B9A1482',174,'Bad Days',417,35),(597,'ARV6QHT1187FB5537A',112,'Nossa DanASSa',174,26),(598,'ARPQ4Z01187FB3A736',15,'All Day',512,53),(599,'ARJ3VRY1187B9A3058',71,'La RevoluciA3n',261,21),(600,'ARUTS6Y1187FB5BDAB',4,'We Will Glorify (Key-B-Db-Premiere Performance Plus)',201,30),(601,'ARESVFD1187FB522E6',121,'Everyday',269,46),(602,'ARTH9041187FB43E1F',1,'Ricky Ticky Toc',171,66),(603,'ARVZDOM1187B9B49C9',26,'Come Monday',235,30),(604,'ARPB4TX1187B98DDEA',205,'Hot Dental Supplies',95,34),(605,'ARLBNAC1187FB47151',207,'DA(c)stockage massif (with Alex Gopher)',215,42),(606,'ARE815V1187B998A43',1,'Back To Burn',151,42),(607,'AR1SQSG1187B9AC782',11,'Ingenting',257,66),(608,'ARA1EK21187B9A2FB7',88,'Theme III',50,43),(609,'ARKRRTF1187B9984DA',105,'Estoy Pensando En TA',168,48),(610,'ARNDL191187FB51583',46,'Voodoo Chile Blues',528,62),(611,'ARV57NY1187FB3C1DC',208,'Sho\' Enough',240,42),(612,'ARVEJ9M1187FB4DC44',52,'L\'education du corps des porcs',287,29),(613,'ARZM53A1187B9A1AE7',209,'WHEN I AM YOU',305,51),(614,'AR1Y37Q1187B9B66D2',30,'Do It Nice',323,52),(615,'ARZS5VW1187FB567E8',174,'The Monkey King',315,48),(616,'ARGNLJL1187B9AB503',4,'Amazing (LP Version)',294,32),(617,'ARC8CQZ1187B98DECA',34,'You And Your Heart',196,91),(618,'AR0BV7E1187FB386C1',198,'Can You Feel It?',321,48),(619,'ARGFVP41187B99296B',210,'Someday',262,36),(620,'AR1LQNB1187B9A6AE5',13,'Hasta El Final',224,34),(621,'ARDQ62L1187FB56FF0',11,'My Never',225,79),(622,'ARNDL191187FB51583',46,'Fire',192,83),(623,'ARFNJ4O1187B9A204B',211,'One Hour Empire',102,54),(624,'AR9W3X91187FB3994C',26,'Welcome',216,54),(625,'AROKDJ41187B9A7700',212,'Never Wanted to Dance (Live In London)',222,27),(626,'ARCLCFS1187B9AE476',47,'Pega Joso',201,40),(627,'ARVKT151187B9A181D',11,'Cleansing',216,47),(628,'ARXRVY51187B99E98E',29,'Somewhere Else',232,38),(629,'ARGY9FW1187B991C7D',39,'More to This',233,42),(630,'AR6XPWV1187B9ADAEB',57,'X-Static',253,67),(631,'ARFK98R1187B9B0552',95,'Hard To Laugh',159,53),(632,'ARGMGHN1187B9B4213',1,'New Friend Request (Amended Version)',254,49),(633,'AR7V0DI1187FB524DE',186,'Gotta Man',149,26),(634,'ARAFRFP1187FB4230B',213,'Time You\'ll Never Get Back',354,40),(635,'ART703V1187FB4FD63',11,'Soulcrusher (Amended Album Version)',213,64),(636,'ARDL38Z1187B9B9FB5',214,'A Machine and a Memory Keeps You Alive',252,49),(637,'ARU2JAB1187FB50C72',4,'Some People They Never Believe (LP Version)',203,33),(638,'AR22R8A1187FB46B9E',111,'King Kong',225,49),(639,'AR22KLC1187B98E812',137,'Savu hA$?lvenee',192,28),(640,'ARB5TJM1187B9A71FD',37,'Grottans Barn',276,64),(641,'AR6892W1187B9AC71B',40,'Where Is My Mind (XFM Live Version)',223,75),(642,'AR5MK521187B98E0B8',215,'Resurrection Man',242,21),(643,'AR6G4V01187B9AD086',41,'This Lullaby',82,71),(644,'ARSBB7P1187B989690',48,'Indianola',274,21),(645,'ARWYVP51187B98C516',18,'Your Silence',170,55),(646,'AR2J2WF1187FB46271',29,'The Ava Song',257,25),(647,'ARSTXTP1187B99BD43',216,'Mentira',259,57),(648,'ARLSF8H1187B9A76B0',56,'The Fundamental Alienation',317,65),(649,'AR4IYQR1187B98F8F3',95,'Bully Bully (LP Version)',244,26),(650,'ARBB58Y1187B9B621B',156,'Holy Ground (Homecoming Hymns Version)',318,29),(651,'ARHD3RX1187FB3A7DA',76,'We Can Do It',237,43),(652,'ARW74FW1187FB554AD',217,'Chains (LP Version)',149,40),(653,'ARSW5F51187FB4CFC9',57,'Sickman',329,86),(654,'ARZFRQM1187B9A9772',6,'Smoke',167,52),(655,'AR37E341187B989A3E',4,'Special',184,49),(656,'ARAIABB1187B9AC6E2',54,'Prayer For The Dying (Album Version)',330,36),(657,'ARPAAHK1187B9ABB00',58,'Follow You Home (Album Version)',260,41),(658,'ARYZV2X1187B997BE7',155,'Say What!?!',269,51),(659,'ARQI60P1187FB464C9',124,'Catharsis Of A Heretic',128,62),(660,'ARO1NHM1187B9B9D27',87,'Verdad Amarga',168,23),(661,'ARUSOMY1187FB4D3B4',128,'Spaz\'s House Destruction Party',184,59),(662,'ARGVJPK1187B9909EA',10,'Mai [Live]',282,52),(663,'AR1DLF21187FB3CBF0',4,'Wings',241,48),(664,'AR0BV7E1187FB386C1',198,'Keep It Alive',291,38),(665,'AR4OMY81187B9B31E7',62,'Pariah',74,54),(666,'AR2SGQW1187B9B9E7C',1,'Getaway',187,49),(667,'ARP96FM1187B9AEA77',11,'Secret Smile',280,77),(668,'ARLAWDD1187FB48367',218,'Si Es Que Te Vas',262,30),(669,'ARGY9FW1187B991C7D',39,'Hack 1/Charlie X',211,33),(670,'AROMMVN11F50C50607',195,'Disciplinarian',46,42),(671,'AR12EOE1187FB3AE26',219,'Boxing Day',233,56),(672,'ARC0MTS1187FB44C21',47,'Le Temps Des Cerises',109,30),(673,'ARLZN951187FB42E49',57,'Stumblin\' Man (Album)',215,74),(674,'ARIUHYM1187B9AEAE4',95,'This Will Be Laughing Week',116,40),(675,'ARLUAK21187B9B785A',166,'What\'s True',207,36),(676,'ARPGPI51187B98F1EC',192,'Tonight_ Te AmarA(c)',211,49),(677,'ARZHUJU1187FB51176',220,'Have It Your Way',279,51),(678,'AR7GUNF1187B990CCF',58,'Foam Born (A) The Backtrack (Album Version)',133,37),(679,'ARC6J781187B98F02B',47,'Vem Pr\'a Roda',267,41),(680,'ARWWYK211C8A415AD4',63,'Just In Case',166,65),(681,'ARHRY5S1187B99B96F',38,'Love Dump (Clean Album Version)',259,36),(682,'ARAZ59E1187B98BF6D',221,'Too Cool for Love',277,24),(683,'ARGGD1E1187B98FA9D',4,'No Eye Has Seen',199,56),(684,'ARJV0U41187B9AB715',2,'Umbrella',227,92),(685,'AR1JD6E1187FB5696C',16,'Summer Rain',227,23),(686,'ARWF1KM1187B9908CA',10,'S.O.S.',225,43),(687,'ARQQP3Z1187FB5707B',27,'Wheeling Free',201,32),(688,'ARRZZRW1187B9A06E3',26,'Bridget',199,31),(689,'ARRXG5Y1187B9AA016',74,'I Don\'t Want To Talk About It',274,22),(690,'AR3TG3X1187FB4D577',136,'Live At Brixton Academy 1999',1598,39),(691,'ARKR75V1187FB3D4D5',222,'House Of Wolves (Album Version)',184,43),(692,'ARJ3VRY1187B9A3058',71,'Exactamente Medianoche',338,26),(693,'ARV4KO21187FB38008',1,'Ya Lil\' Crumbsnatchers (LP Version)',90,65),(694,'AR1ABAO1187FB531E1',139,'This House Is Haunted',210,53),(695,'ARJ8PZJ1187B99314F',78,'Killing Machine',140,71),(696,'AR9ST641187B99B4DE',47,'Manuel\'s Mambo',197,26),(697,'ARQATWU1187B98EE26',58,'All I Ask For (Album Version)',219,63),(698,'AR326OO1187FB444FF',5,'I\'m Over You (Album Version)',243,23),(699,'ARK30AI1187FB3C777',20,'Contact',227,26),(700,'ARDPTGD1187B9AD361',69,'Hate Zone',281,62),(701,'ARIXB7T1187B9AB215',223,'Probka (Latvia)',183,43),(702,'ARHNMEZ11F50C4706C',156,'Feels Good To Be Free',194,25),(703,'ARKETDZ1187B9B2566',52,'No Love No Nothing',175,35),(704,'ARFONSP11F50C4D175',46,'I Must See Jesus',271,28),(705,'ARSMRIN1187B9AB35A',46,'Alright Now',269,32),(706,'AROIIF91187FB4F2D5',1,'Assassination',120,55),(707,'ARFN2TE11A348EFFB4',11,'I Did it for You',229,68),(708,'ARVVLMQ11F4C8456E4',40,'A World Of My Own',255,26),(709,'AR1LQNB1187B9A6AE5',13,'Down On The Corner',155,45),(710,'AR4Q1VD1187B9893C7',67,'Come Dance With Me',169,24),(711,'AR7CCS31187B98C531',31,'More Than Words',276,57),(712,'ARA6BH81187B98F3AF',72,'We Do It Too',385,49),(713,'AR9ILJF1187B9B80ED',47,'La clA(c) parfumA(c)e',53,21),(714,'ARIIUJC122988F51F6',171,'Hermione',189,21),(715,'ARM4J201187B9B8B3B',224,'La Vuelta',186,59),(716,'ARAMCAZ1187B9AB6F5',36,'Gief Konjunkturpaket VI',258,39),(717,'ARNSTES1187FB4FC9B',153,'The Real Rock',250,26),(718,'AR1GYND1187B9A9CD3',10,'Pocket Full Of Stars',152,29),(719,'ARTH9041187FB43E1F',1,'The Way I Am',289,81),(720,'ARVLIVA1187B991590',112,'Blues Do Elevador',237,50),(721,'AR05OJD1187B9B99A6',1,'Hippa To Da Hoppa [Explicit Version]',181,72),(722,'AR06USW1187FB4EACA',135,'Beast In the Broch',106,54),(723,'ARGEZ5E1187FB56F38',4,'Will Not Fade  (Hit Parade Album Version (new Song))',229,26),(724,'ARRW6DJ1187FB50A67',22,'Just Want To See Ya',241,31),(725,'ARXR32B1187FB57099',2,'No Regrets',153,65),(726,'ARNEJAG1187FB41600',192,'About Last Night (LP Version)',241,48),(727,'ARDDWUI1187FB379F7',99,'Perfection Design',238,48),(728,'AROY6XW1187B991121',84,'Angel Food',383,56),(729,'ARMSL551187FB3F4B0',11,'My Record Company',222,65),(730,'AR7WGYZ1187FB3CAB0',10,'Dance Hall Days',234,78),(731,'ARXDQJB1187FB57154',174,'Six',142,63),(732,'AROVSYC119B3403921',138,'Le Bal Du P\'tit Jardin',128,36),(733,'AROUOZZ1187B9ABE51',47,'A Little Tear',416,25),(734,'ARWPYQI1187FB4D55A',54,'Close To You',184,38),(735,'ARWA8AH1187FB3FC84',28,'Hold On',381,69),(736,'AR7KQQ91187B98ED7A',38,'Bury You',265,49),(737,'ARL3VGT1187FB40E8E',68,'Matador',273,62),(738,'ARJ5DZC1187B99FBDA',225,'Ghosts',162,54),(739,'ARGBR4I1187B99D073',57,'It Is Us',211,49),(740,'ARO3SS31187FB3729C',204,'Surf of Syn',261,45),(741,'ARGIABO1187FB4B3B5',5,'Wrong End Of The Rainbow',242,26),(742,'ARQZY2A1187B9B7604',46,'Soul Of A Man',111,40),(743,'AR7GUNF1187B990CCF',58,'Geek USA (Album Version)',325,58),(744,'AR189B91187B9B8D9C',61,'Amo Dejarte Asi',237,56),(745,'AR8ZQ9T1187FB56FE5',18,'Forgiveness',204,65),(746,'ARP6RUO1187FB3F1CF',226,'Song For Val',78,20),(747,'AR2P71H1187B9B8C00',168,'Keiner auAer uns',77,35),(748,'ARFF1MH1187B999687',94,'Luv In the First',265,22),(749,'ARXPE571187FB4AFD0',129,'Love Is Gonna Bring Us Back Alive',291,46),(750,'AR243ZT1187B9A98D2',227,'Can\'t Do Me No Good',141,40),(751,'ARAIABB1187B9AC6E2',54,'Whirlpool [Live]',279,22),(752,'ARYKCQI1187FB3B18F',7,'The Way It Is',390,79),(753,'AROGAPH1187B98CF9C',52,'Tu Peux Compter Sur Moi',188,54),(754,'ARE08BN1187B98FCA3',30,'Frisch Verliebt',163,27),(755,'ARDGB6U1187FB3AD07',28,'Missionary Man',269,73),(756,'AR65K7A1187FB4DAA4',1,'Be With You',260,66),(757,'AR8PL5L1187FB37A10',157,'Within (Album Version)',202,52),(758,'ARI648V1187B9B5379',228,'Don\'t Stop The Music',218,26),(759,'ARCP94M1187B9B0F56',58,'Depressionista',148,63),(760,'ARJ7VKJ1187B98BA4B',86,'Boring',228,63),(761,'ARDIP5S1187FB57056',1,'Intro',52,72),(762,'ARNVCZC1187B9934F5',111,'I Gotta Keep Dancing',221,42),(763,'AR8V1WA1187B9AD9E9',46,'Im Slowly Turning Into You',274,70),(764,'ARY1K701187B9A43A9',155,'This Is How A Heart Breaks',291,37),(765,'AR5BLB01187FB57E99',229,'Sag Ihnen Bescheid',216,63),(766,'ART5IUL1187B9B0143',153,'Bare As You Dare',230,21),(767,'ARYECDK1187FB45587',10,'It Only Takes Two To Tango',217,58),(768,'AROBHK51187B9AD82B',78,'Crash And Burn [Home Demo]',261,49),(769,'ARF84A41187B9A34E7',18,'Black Lung (Album Version)',113,61),(770,'AR32ETX1187B9A792F',46,'Telephone Song',208,78),(771,'AR8ZQ9T1187FB56FE5',18,'I\'m Down',128,60),(772,'ARA82JG1187FB36131',44,'Alone Together',412,26),(773,'ARUW6HS1187FB3F028',230,'ChAC/teau de sable',340,40),(774,'ARHEQ501187FB4F898',105,'El Ausente/ El Preso/ El Caminante/ Tania',249,25),(775,'ARM7EDF1187B9B3FA1',37,'Locomotive (Complicity)',524,70),(776,'ARTF2KG1187B98DDD1',163,'What Child Is This?',165,25),(777,'ARTK5LU1187B9A654C',126,'Safe Passage',330,26),(778,'ARLR9U31187B9A71AD',30,'Not Right (Remastered LP Version)',169,65),(779,'AR87K371187FB5AA8E',37,'Wake The Sleeper',212,50),(780,'ARSBZSV1187B989B86',151,'EU A4',229,21),(781,'ARCYJTW11F4C840F74',14,'You Said You Loved Me',175,26),(782,'ARF1PSM1187B9B802A',11,'Gone',219,40),(783,'AR7ZI7Z1187B98BF55',129,'Desde mi cielo',380,67),(784,'ARYYTAY1187B9B5F9D',11,'Seed',289,42),(785,'AR2P71H1187B9B8C00',168,'Warum rappst du?',79,42),(786,'AR5OB9M1187FB52F29',26,'Katie\'s Song',261,25),(787,'ARY1K701187B9A43A9',155,'One Eyed Jack',314,26);
/*!40000 ALTER TABLE `cancion` ENABLE KEYS */;
UNLOCK TABLES;

--
-- Table structure for table `genero`
--

DROP TABLE IF EXISTS `genero`;
/*!40101 SET @saved_cs_client     = @@character_set_client */;
/*!40101 SET character_set_client = utf8 */;
CREATE TABLE `genero` (
  `id` int(11) NOT NULL AUTO_INCREMENT,
  `nombre` varchar(100) COLLATE utf8_unicode_ci NOT NULL,
  `descripcion` varchar(255) COLLATE utf8_unicode_ci DEFAULT NULL,
  PRIMARY KEY (`id`)
) ENGINE=InnoDB AUTO_INCREMENT=231 DEFAULT CHARSET=utf8 COLLATE=utf8_unicode_ci;
/*!40101 SET character_set_client = @saved_cs_client */;

--
-- Dumping data for table `genero`
--

LOCK TABLES `genero` WRITE;
/*!40000 ALTER TABLE `genero` DISABLE KEYS */;
INSERT INTO `genero` VALUES (1,'hip hop',NULL),(2,'pop punk',NULL),(3,'new wave',NULL),(4,'ccm',NULL),(5,'country rock',NULL),(6,'chill-out',NULL),(7,'hard rock',NULL),(8,'uk garage',NULL),(9,'math-core',NULL),(10,'pop rock',NULL),(11,'post-grunge',NULL),(12,'soul jazz',NULL),(13,'disco',NULL),(14,'doo-wop',NULL),(15,'noise rock',NULL),(16,'orchestra',NULL),(17,'gothic metal',NULL),(18,'ska punk',NULL),(19,'blues',NULL),(20,'modern rock',NULL),(21,'delta blues',NULL),(22,'trip hop',NULL),(23,'glam rock',NULL),(24,'brazilian jazz',NULL),(25,'gangster rap',NULL),(26,'soft rock',NULL),(27,'easy listening',NULL),(28,'dance rock',NULL),(29,'singer-songwriter',NULL),(30,'experimental rock',NULL),(31,'meditation',NULL),(32,'southern rock',NULL),(33,'punk',NULL),(34,'rock',NULL),(35,'gabba',NULL),(36,'pop rap',NULL),(37,'heavy metal',NULL),(38,'industrial metal',NULL),(39,'freestyle',NULL),(40,'british pop',NULL),(41,'stoner metal',NULL),(42,'indie rock',NULL),(43,'rap rock',NULL),(44,'free jazz',NULL),(45,'gospel',NULL),(46,'blues-rock',NULL),(47,'latin jazz',NULL),(48,'tech house',NULL),(49,'country',NULL),(50,'new jack swing',NULL),(51,'jazz funk',NULL),(52,'chanson',NULL),(53,'lovers rock',NULL),(54,'dance pop',NULL),(55,'zouk',NULL),(56,'black metal',NULL),(57,'grunge',NULL),(58,'alternative metal',NULL),(59,'flamenco',NULL),(60,'honky tonk',NULL),(61,'electronica',NULL),(62,'hardcore punk',NULL),(63,'grime',NULL),(64,'texas blues',NULL),(65,'future jazz',NULL),(66,'breakbeat',NULL),(67,'folk-pop',NULL),(68,'ska',NULL),(69,'jazz fusion',NULL),(70,'alternative hip hop',NULL),(71,'chicago blues',NULL),(72,'techno',NULL),(73,'funk metal',NULL),(74,'rap',NULL),(75,'big beat',NULL),(76,'roots reggae',NULL),(77,'classic country',NULL),(78,'post-hardcore',NULL),(79,'grindcore',NULL),(80,'twee pop',NULL),(81,'funky house',NULL),(82,'happy hardcore',NULL),(83,'jazz',NULL),(84,'instrumental rock',NULL),(85,'ballad',NULL),(86,'nu metal',NULL),(87,'screamo',NULL),(88,'doom metal',NULL),(89,'tango',NULL),(90,'celtic punk',NULL),(91,'power electronics',NULL),(92,'melodic hardcore',NULL),(93,'space age pop',NULL),(94,'hip house',NULL),(95,'power pop',NULL),(96,'pop folk',NULL),(97,'rock steady',NULL),(98,'power metal',NULL),(99,'death metal',NULL),(100,'zouklove',NULL),(101,'dubstep',NULL),(102,'funk',NULL),(103,'miami bass',NULL),(104,'surf music',NULL),(105,'salsa',NULL),(106,'vocal house',NULL),(107,'alternative dance',NULL),(108,'crunk',NULL),(109,'chicago soul',NULL),(110,'blue-eyed soul',NULL),(111,'europop',NULL),(112,'brazilian pop music',NULL),(113,'viking metal',NULL),(114,'pop',NULL),(115,'blackened death metal',NULL),(116,'western swing',NULL),(117,'dark wave',NULL),(118,'new age',NULL),(119,'rumba',NULL),(120,'industrial rock',NULL),(121,'alternative rock',NULL),(122,'death core',NULL),(123,'reggaeton',NULL),(124,'sludge metal',NULL),(125,'speed metal',NULL),(126,'chamber jazz',NULL),(127,'shoegaze',NULL),(128,'oi',NULL),(129,'folk rock',NULL),(130,'underground rap',NULL),(131,'brill building pop',NULL),(132,'glam metal',NULL),(133,'bluegrass',NULL),(134,'stoner rock',NULL),(135,'folk metal',NULL),(136,'breakcore',NULL),(137,'humppa',NULL),(138,'gypsy jazz',NULL),(139,'shock rock',NULL),(140,'parody',NULL),(141,'urban folk',NULL),(142,'art rock',NULL),(143,'country blues',NULL),(144,'motown',NULL),(145,'irish folk',NULL),(146,'opera',NULL),(147,'cumbia',NULL),(148,'turnablism',NULL),(149,'electronic',NULL),(150,'northern soul',NULL),(151,'dub',NULL),(152,'speedcore',NULL),(153,'dancehall',NULL),(154,'samba',NULL),(155,'smooth jazz',NULL),(156,'country gospel',NULL),(157,'groove metal',NULL),(158,'jungle music',NULL),(159,'exotica',NULL),(160,'bass music',NULL),(161,'soukous',NULL),(162,'goregrind',NULL),(163,'southern gospel',NULL),(164,'jazz rap',NULL),(165,'los angeles',NULL),(166,'reggae',NULL),(167,'dance-punk',NULL),(168,'garage rock',NULL),(169,'freakbeat',NULL),(170,'religious music',NULL),(171,'swamp rock',NULL),(172,'soul blues',NULL),(173,'trance',NULL),(174,'progressive house',NULL),(175,'hard bop',NULL),(176,'vocal jazz',NULL),(177,'urban',NULL),(178,'congo',NULL),(179,'harmonica blues',NULL),(180,'zydeco',NULL),(181,'chamber pop',NULL),(182,'early music',NULL),(183,'german pop',NULL),(184,'bhangra',NULL),(185,'rockabilly',NULL),(186,'hard trance',NULL),(187,'eurodance',NULL),(188,'gothic rock',NULL),(189,'christian metal',NULL),(190,'celtic',NULL),(191,'all-female',NULL),(192,'teen pop',NULL),(193,'british invasion',NULL),(194,'louisiana blues',NULL),(195,'stand-up comedy',NULL),(196,'chinese music',NULL),(197,'celtic rock',NULL),(198,'instrumental pop',NULL),(199,'rapcore',NULL),(200,'j pop',NULL),(201,'broken beat',NULL),(202,'ranchera',NULL),(203,'gaita',NULL),(204,'comedy rock',NULL),(205,'comedy',NULL),(206,'piano rock',NULL),(207,'deep house',NULL),(208,'electric blues',NULL),(209,'industrial dance',NULL),(210,'downtempo',NULL),(211,'dream pop',NULL),(212,'rap metal',NULL),(213,'neofolk',NULL),(214,'glitch',NULL),(215,'new romantic',NULL),(216,'indietronica',NULL),(217,'cantonese pop',NULL),(218,'vallenato',NULL),(219,'neo-progressive',NULL),(220,'neo soul',NULL),(221,'roots rock',NULL),(222,'emo',NULL),(223,'experimental pop',NULL),(224,'folk',NULL),(225,'visual kei',NULL),(226,'jangle pop',NULL),(227,'piano blues',NULL),(228,'heartland rock',NULL),(229,'hard house',NULL),(230,'afrobeat',NULL);
/*!40000 ALTER TABLE `genero` ENABLE KEYS */;
UNLOCK TABLES;
/*!40103 SET TIME_ZONE=@OLD_TIME_ZONE */;

/*!40101 SET SQL_MODE=@OLD_SQL_MODE */;
/*!40014 SET FOREIGN_KEY_CHECKS=@OLD_FOREIGN_KEY_CHECKS */;
/*!40014 SET UNIQUE_CHECKS=@OLD_UNIQUE_CHECKS */;
/*!40101 SET CHARACTER_SET_CLIENT=@OLD_CHARACTER_SET_CLIENT */;
/*!40101 SET CHARACTER_SET_RESULTS=@OLD_CHARACTER_SET_RESULTS */;
/*!40101 SET COLLATION_CONNECTION=@OLD_COLLATION_CONNECTION */;
/*!40111 SET SQL_NOTES=@OLD_SQL_NOTES */;

-- Dump completed on 2018-11-18 23:27:25
